Using pre-set license
Built from '2022.3/staging' branch; Version is '2022.3.32f1 (c8300dc0a3fa) revision 13119501'; Using compiler version '192829333'; Build Type 'Release'
OS: 'Windows 11  (10.0.22631) 64bit Core' Language: 'en' Physical Memory: 7831 MB
BatchMode: 1, IsHumanControllingUs: 0, StartBugReporterOnCrash: 0, Is64bit: 1, IsPro: 1

COMMAND LINE ARGUMENTS:
C:\Program Files\Unity\Hub\Editor\2022.3.32f1\Editor\Unity.exe
-adb2
-batchMode
-noUpm
-name
AssetImportWorker3
-projectPath
C:/Users/Palak/Hackathon
-logFile
Logs/AssetImportWorker3.log
-srvPort
49855
Successfully changed project path to: C:/Users/Palak/Hackathon
C:/Users/Palak/Hackathon
[UnityMemory] Configuration Parameters - Can be set up in boot.config
    "memorysetup-bucket-allocator-granularity=16"
    "memorysetup-bucket-allocator-bucket-count=8"
    "memorysetup-bucket-allocator-block-size=33554432"
    "memorysetup-bucket-allocator-block-count=8"
    "memorysetup-main-allocator-block-size=16777216"
    "memorysetup-thread-allocator-block-size=16777216"
    "memorysetup-gfx-main-allocator-block-size=16777216"
    "memorysetup-gfx-thread-allocator-block-size=16777216"
    "memorysetup-cache-allocator-block-size=4194304"
    "memorysetup-typetree-allocator-block-size=2097152"
    "memorysetup-profiler-bucket-allocator-granularity=16"
    "memorysetup-profiler-bucket-allocator-bucket-count=8"
    "memorysetup-profiler-bucket-allocator-block-size=33554432"
    "memorysetup-profiler-bucket-allocator-block-count=8"
    "memorysetup-profiler-allocator-block-size=16777216"
    "memorysetup-profiler-editor-allocator-block-size=1048576"
    "memorysetup-temp-allocator-size-main=16777216"
    "memorysetup-job-temp-allocator-block-size=2097152"
    "memorysetup-job-temp-allocator-block-size-background=1048576"
    "memorysetup-job-temp-allocator-reduction-small-platforms=262144"
    "memorysetup-allocator-temp-initial-block-size-main=262144"
    "memorysetup-allocator-temp-initial-block-size-worker=262144"
    "memorysetup-temp-allocator-size-background-worker=32768"
    "memorysetup-temp-allocator-size-job-worker=262144"
    "memorysetup-temp-allocator-size-preload-manager=33554432"
    "memorysetup-temp-allocator-size-nav-mesh-worker=65536"
    "memorysetup-temp-allocator-size-audio-worker=65536"
    "memorysetup-temp-allocator-size-cloud-worker=32768"
    "memorysetup-temp-allocator-size-gi-baking-worker=262144"
    "memorysetup-temp-allocator-size-gfx=262144"
Player connection [21712] Host "[IP] 192.168.56.1 [Port] 0 [Flags] 2 [Guid] 675479302 [EditorId] 675479302 [Version] 1048832 [Id] WindowsEditor(7,DESKTOP-59LUQGG) [Debug] 1 [PackageName] WindowsEditor [ProjectName] Editor" joined multi-casting on [225.0.0.222:54997]...

Player connection [21712] Host "[IP] 192.168.56.1 [Port] 0 [Flags] 2 [Guid] 675479302 [EditorId] 675479302 [Version] 1048832 [Id] WindowsEditor(7,DESKTOP-59LUQGG) [Debug] 1 [PackageName] WindowsEditor [ProjectName] Editor" joined alternative multi-casting on [225.0.0.222:34997]...

[PhysX] Initialized MultithreadedTaskDispatcher with 8 workers.
Refreshing native plugins compatible for Editor in 271.40 ms, found 3 plugins.
Preloading 0 native plugins for Editor in 0.00 ms.
Initialize engine version: 2022.3.32f1 (c8300dc0a3fa)
[Subsystems] Discovering subsystems at path C:/Program Files/Unity/Hub/Editor/2022.3.32f1/Editor/Data/Resources/UnitySubsystems
[Subsystems] Discovering subsystems at path C:/Users/Palak/Hackathon/Assets
GfxDevice: creating device client; threaded=0; jobified=0
Direct3D:
    Version:  Direct3D 11.0 [level 11.1]
    Renderer: Intel(R) Iris(R) Xe Graphics (ID=0x9a49)
    Vendor:   Intel
    VRAM:     3915 MB
    Driver:   30.0.100.9864
Shader 'Reallusion/RL_HairShader_2nd_Pass_Variants_3D': fallback shader 'diffuse' not found
Initialize mono
Mono path[0] = 'C:/Program Files/Unity/Hub/Editor/2022.3.32f1/Editor/Data/Managed'
Mono path[1] = 'C:/Program Files/Unity/Hub/Editor/2022.3.32f1/Editor/Data/MonoBleedingEdge/lib/mono/unityjit-win32'
Mono config path = 'C:/Program Files/Unity/Hub/Editor/2022.3.32f1/Editor/Data/MonoBleedingEdge/etc'
Using monoOptions --debugger-agent=transport=dt_socket,embedding=1,server=y,suspend=n,address=127.0.0.1:56708
Begin MonoManager ReloadAssembly
Registering precompiled unity dll's ...
Register platform support module: C:/Program Files/Unity/Hub/Editor/2022.3.32f1/Editor/Data/PlaybackEngines/WebGLSupport/UnityEditor.WebGL.Extensions.dll
Register platform support module: C:/Program Files/Unity/Hub/Editor/2022.3.32f1/Editor/Data/PlaybackEngines/AndroidPlayer/UnityEditor.Android.Extensions.dll
Register platform support module: C:/Program Files/Unity/Hub/Editor/2022.3.32f1/Editor/Data/PlaybackEngines/iOSSupport/UnityEditor.iOS.Extensions.dll
Register platform support module: C:/Program Files/Unity/Hub/Editor/2022.3.32f1/Editor/Data/PlaybackEngines/WindowsStandaloneSupport/UnityEditor.WindowsStandalone.Extensions.dll
Registered in 0.153397 seconds.
- Loaded All Assemblies, in  6.403 seconds
Native extension for WindowsStandalone target not found
[usbmuxd] Start listen thread
[usbmuxd] Listen thread started
Native extension for iOS target not found
Native extension for Android target not found
Android Extension - Scanning For ADB Devices 2333 ms
Native extension for WebGL target not found
Mono: successfully reloaded assembly
- Finished resetting the current domain, in  5.099 seconds
Domain Reload Profiling: 11478ms
	BeginReloadAssembly (2143ms)
		ExecutionOrderSort (0ms)
		DisableScriptedObjects (0ms)
		BackupInstance (0ms)
		ReleaseScriptingObjects (0ms)
		CreateAndSetChildDomain (7ms)
	RebuildCommonClasses (485ms)
	RebuildNativeTypeToScriptingClass (266ms)
	initialDomainReloadingComplete (758ms)
	LoadAllAssembliesAndSetupDomain (2725ms)
		LoadAssemblies (2140ms)
		RebuildTransferFunctionScriptingTraits (0ms)
		AnalyzeDomain (2648ms)
			TypeCache.Refresh (2566ms)
				TypeCache.ScanAssembly (1719ms)
			ScanForSourceGeneratedMonoScriptInfo (37ms)
			ResolveRequiredComponents (44ms)
	FinalizeReload (5101ms)
		ReleaseScriptCaches (0ms)
		RebuildScriptCaches (0ms)
		SetupLoadedEditorAssemblies (4428ms)
			LogAssemblyErrors (0ms)
			InitializePlatformSupportModulesInManaged (3583ms)
			SetLoadedEditorAssemblies (11ms)
			RefreshPlugins (0ms)
			BeforeProcessingInitializeOnLoad (11ms)
			ProcessInitializeOnLoadAttributes (507ms)
			ProcessInitializeOnLoadMethodAttributes (315ms)
			AfterProcessingInitializeOnLoad (0ms)
			EditorAssembliesLoaded (0ms)
		ExecutionOrderSort2 (0ms)
		AwakeInstancesAfterBackupRestoration (0ms)
========================================================================
Worker process is ready to serve import requests
Begin MonoManager ReloadAssembly
Symbol file LoadedFromMemory is not a mono symbol file
- Loaded All Assemblies, in  6.084 seconds
Refreshing native plugins compatible for Editor in 41.05 ms, found 3 plugins.
Native extension for WindowsStandalone target not found
Native extension for iOS target not found
Native extension for Android target not found
Native extension for WebGL target not found
Error saving file Library/StateCache/LayerSettings/9e/9ecc5c3c162a7aba29bafa64c8b94b7c.json. Error: System.IO.IOException: Sharing violation on path C:\Users\Palak\Hackathon\Library\StateCache\LayerSettings\9e\9ecc5c3c162a7aba29bafa64c8b94b7c.json
  at System.IO.FileStream..ctor (System.String path, System.IO.FileMode mode, System.IO.FileAccess access, System.IO.FileShare share, System.Int32 bufferSize, System.Boolean anonymous, System.IO.FileOptions options) [0x0019e] in <467a840a914a47078e4ae9b0b1e8779e>:0 
  at System.IO.FileStream..ctor (System.String path, System.IO.FileMode mode, System.IO.FileAccess access, System.IO.FileShare share, System.Int32 bufferSize, System.IO.FileOptions options) [0x00000] in <467a840a914a47078e4ae9b0b1e8779e>:0 
  at (wrapper remoting-invoke-with-check) System.IO.FileStream..ctor(string,System.IO.FileMode,System.IO.FileAccess,System.IO.FileShare,int,System.IO.FileOptions)
  at System.IO.StreamWriter..ctor (System.String path, System.Boolean append, System.Text.Encoding encoding, System.Int32 bufferSize) [0x00055] in <467a840a914a47078e4ae9b0b1e8779e>:0 
  at System.IO.StreamWriter..ctor (System.String path, System.Boolean append, System.Text.Encoding encoding) [0x00000] in <467a840a914a47078e4ae9b0b1e8779e>:0 
  at (wrapper remoting-invoke-with-check) System.IO.StreamWriter..ctor(string,bool,System.Text.Encoding)
  at System.IO.File.WriteAllText (System.String path, System.String contents, System.Text.Encoding encoding) [0x00034] in <467a840a914a47078e4ae9b0b1e8779e>:0 
  at UnityEditor.StateCache`1[T].SetState (UnityEngine.Hash128 key, T obj) [0x0004b] in <3d611f181d2047d0a4666e5262482490>:0 
UnityEngine.StackTraceUtility:ExtractStackTrace ()
UnityEngine.DebugLogHandler:LogFormat (UnityEngine.LogType,UnityEngine.Object,string,object[])
UnityEngine.Logger:Log (UnityEngine.LogType,object)
UnityEngine.Debug:LogError (object)
UnityEditor.StateCache`1<UnityEditor.Tools/LayerSettings>:SetState (UnityEngine.Hash128,UnityEditor.Tools/LayerSettings)
UnityEditor.Tools:set_lockedLayers (int)
UnityEditor.Tools:OnEnable ()
UnityEngine.ScriptableObject:CreateInstance (System.Type)
UnityEngine.ScriptableObject:CreateInstance<UnityEditor.Tools> ()
UnityEditor.Tools:get_get ()
UnityEditor.Tools:get_visibleLayers ()
UnityEditor.Animations.Rigging.BoneRendererUtils:.cctor () (at ./Library/PackageCache/com.unity.animation.rigging@1.2.1/Editor/Utils/BoneRendererUtils.cs:121)
System.Runtime.CompilerServices.RuntimeHelpers:RunClassConstructor (System.RuntimeTypeHandle)
UnityEditor.EditorAssemblies:ProcessInitializeOnLoadAttributes (System.Type[])

(Filename: ./Library/PackageCache/com.unity.animation.rigging@1.2.1/Editor/Utils/BoneRendererUtils.cs Line: 121)

[MODES] ModeService[none].Initialize
[MODES] ModeService[none].LoadModes
[MODES] Loading mode Default (0) for mode-current-id-Hackathon
Mono: successfully reloaded assembly
- Finished resetting the current domain, in  4.002 seconds
Domain Reload Profiling: 10059ms
	BeginReloadAssembly (628ms)
		ExecutionOrderSort (0ms)
		DisableScriptedObjects (20ms)
		BackupInstance (0ms)
		ReleaseScriptingObjects (1ms)
		CreateAndSetChildDomain (58ms)
	RebuildCommonClasses (137ms)
	RebuildNativeTypeToScriptingClass (40ms)
	initialDomainReloadingComplete (154ms)
	LoadAllAssembliesAndSetupDomain (5097ms)
		LoadAssemblies (2828ms)
		RebuildTransferFunctionScriptingTraits (0ms)
		AnalyzeDomain (2604ms)
			TypeCache.Refresh (2245ms)
				TypeCache.ScanAssembly (1720ms)
			ScanForSourceGeneratedMonoScriptInfo (253ms)
			ResolveRequiredComponents (100ms)
	FinalizeReload (4003ms)
		ReleaseScriptCaches (0ms)
		RebuildScriptCaches (0ms)
		SetupLoadedEditorAssemblies (3269ms)
			LogAssemblyErrors (0ms)
			InitializePlatformSupportModulesInManaged (188ms)
			SetLoadedEditorAssemblies (17ms)
			RefreshPlugins (0ms)
			BeforeProcessingInitializeOnLoad (373ms)
			ProcessInitializeOnLoadAttributes (2431ms)
			ProcessInitializeOnLoadMethodAttributes (231ms)
			AfterProcessingInitializeOnLoad (28ms)
			EditorAssembliesLoaded (1ms)
		ExecutionOrderSort2 (0ms)
		AwakeInstancesAfterBackupRestoration (24ms)
Shader 'Reallusion/RL_HairShader_2nd_Pass_Variants_3D': fallback shader 'diffuse' not found
Launched and connected shader compiler UnityShaderCompiler.exe after 0.23 seconds
Refreshing native plugins compatible for Editor in 62.20 ms, found 3 plugins.
Preloading 0 native plugins for Editor in 0.00 ms.
Unloading 6423 Unused Serialized files (Serialized files now loaded: 0)
Unloading 87 unused Assets / (2.7 MB). Loaded Objects now: 6872.
Memory consumption went from 301.3 MB to 298.6 MB.
Total: 579.203600 ms (FindLiveObjects: 71.155200 ms CreateObjectMapping: 1.279600 ms MarkObjects: 478.598600 ms  DeleteObjects: 28.165500 ms)

AssetImportParameters requested are different than current active one (requested -> active):
  custom:container-demuxer-ogg: 62fdf1f143b41e24485cea50d1cbac27 -> 
  custom:framework-win-MediaFoundation: 216162199b28c13a410421893ffa2e32 -> 
  custom:container-muxer-webm: aa71ff27fc2769a1b78a27578f13a17b -> 
  custom:video-decoder-webm-vp8: 9c59270c3fd7afecdb556c50c9e8de78 -> 
  custom:SearchIndexIgnoredProperties: e643bd26f0fe6173181afceb89e7c659 -> 
  custom:AudioImporter_EditorPlatform: d09bf68614088b80899f8185d706f6e7 -> 
  custom:audio-decoder-ogg-vorbis: bf7c407c2cedff20999df2af8eb42d56 -> 
  custom:audio-encoder-webm-vorbis: bf7c407c2cedff20999df2af8eb42d56 -> 
  custom:video-codec-MediaFoundation-h265: 746d11721c4dcdbdad8f713fa42b33f4 -> 
  custom:video-decoder-ogg-theora: a1e56fd34408186e4bbccfd4996cb3dc -> 
  custom:CustomObjectIndexerAttribute: 72b91833f83ae208fae7752999fa3104 -> 
  custom:container-demuxer-webm: 4f35f7cbe854078d1ac9338744f61a02 -> 
  custom:video-encoder-webm-vp8: eb34c28f22e8b96e1ab97ce403110664 -> 
========================================================================
Received Prepare
Switching render pipeline 00000000000000000000000000000000 -> 97ebeca540101f14583ffc98d06225f4
Shader 'Reallusion/RL_HairShader_2nd_Pass_Variants_3D': fallback shader 'diffuse' not found
Refreshing native plugins compatible for Editor in 20.92 ms, found 3 plugins.
Preloading 0 native plugins for Editor in 0.00 ms.
Unloading 55 Unused Serialized files (Serialized files now loaded: 0)
Unloading 8 unused Assets / (2.7 MB). Loaded Objects now: 6920.
Memory consumption went from 168.1 MB to 165.4 MB.
Total: 10.290800 ms (FindLiveObjects: 1.044000 ms CreateObjectMapping: 0.776700 ms MarkObjects: 7.342100 ms  DeleteObjects: 1.124500 ms)

Prepare: number of updated asset objects reloaded= 0
AssetImportParameters requested are different than current active one (requested -> active):
  custom:container-demuxer-ogg: 62fdf1f143b41e24485cea50d1cbac27 -> 
  custom:framework-win-MediaFoundation: 216162199b28c13a410421893ffa2e32 -> 
  custom:container-muxer-webm: aa71ff27fc2769a1b78a27578f13a17b -> 
  custom:video-decoder-webm-vp8: 9c59270c3fd7afecdb556c50c9e8de78 -> 
  custom:SearchIndexIgnoredProperties: e643bd26f0fe6173181afceb89e7c659 -> 
  custom:AudioImporter_EditorPlatform: d09bf68614088b80899f8185d706f6e7 -> 
  custom:audio-decoder-ogg-vorbis: bf7c407c2cedff20999df2af8eb42d56 -> 
  custom:audio-encoder-webm-vorbis: bf7c407c2cedff20999df2af8eb42d56 -> 
  custom:video-codec-MediaFoundation-h265: 746d11721c4dcdbdad8f713fa42b33f4 -> 
  custom:video-decoder-ogg-theora: a1e56fd34408186e4bbccfd4996cb3dc -> 
  custom:CustomObjectIndexerAttribute: 72b91833f83ae208fae7752999fa3104 -> 
  custom:container-demuxer-webm: 4f35f7cbe854078d1ac9338744f61a02 -> 
  custom:video-encoder-webm-vp8: eb34c28f22e8b96e1ab97ce403110664 -> 
========================================================================
Received Prepare
Shader 'Reallusion/RL_HairShader_2nd_Pass_Variants_3D': fallback shader 'diffuse' not found
Refreshing native plugins compatible for Editor in 10.94 ms, found 3 plugins.
Preloading 0 native plugins for Editor in 0.00 ms.
Unloading 18 Unused Serialized files (Serialized files now loaded: 0)
Unloading 4 unused Assets / (2.3 MB). Loaded Objects now: 6936.
Memory consumption went from 170.5 MB to 168.2 MB.
Total: 6.806800 ms (FindLiveObjects: 0.715000 ms CreateObjectMapping: 0.428500 ms MarkObjects: 5.124700 ms  DeleteObjects: 0.536300 ms)

Prepare: number of updated asset objects reloaded= 1
AssetImportParameters requested are different than current active one (requested -> active):
  custom:container-demuxer-ogg: 62fdf1f143b41e24485cea50d1cbac27 -> 
  custom:framework-win-MediaFoundation: 216162199b28c13a410421893ffa2e32 -> 
  custom:container-muxer-webm: aa71ff27fc2769a1b78a27578f13a17b -> 
  custom:video-decoder-webm-vp8: 9c59270c3fd7afecdb556c50c9e8de78 -> 
  custom:SearchIndexIgnoredProperties: e643bd26f0fe6173181afceb89e7c659 -> 
  custom:AudioImporter_EditorPlatform: d09bf68614088b80899f8185d706f6e7 -> 
  custom:audio-decoder-ogg-vorbis: bf7c407c2cedff20999df2af8eb42d56 -> 
  custom:audio-encoder-webm-vorbis: bf7c407c2cedff20999df2af8eb42d56 -> 
  custom:video-codec-MediaFoundation-h265: 746d11721c4dcdbdad8f713fa42b33f4 -> 
  custom:video-decoder-ogg-theora: a1e56fd34408186e4bbccfd4996cb3dc -> 
  custom:CustomObjectIndexerAttribute: 72b91833f83ae208fae7752999fa3104 -> 
  custom:container-demuxer-webm: 4f35f7cbe854078d1ac9338744f61a02 -> 
  custom:video-encoder-webm-vp8: eb34c28f22e8b96e1ab97ce403110664 -> 
========================================================================
Received Import Request.
  Time since last request: 459.787641 seconds.
  path: Assets/Settings
  artifactKey: Guid(4e326a443c281124497d4ff0a5605df5) Importer(2089858483,0ecaa5967403d082aa24f35e1b516d23)
Start importing Assets/Settings using Guid(4e326a443c281124497d4ff0a5605df5) Importer(2089858483,0ecaa5967403d082aa24f35e1b516d23) [PhysX] Initialized MultithreadedTaskDispatcher with 8 workers.
 -> (artifact id: '6bd110283f6c345bee3993ee0c917bd4') in 3.371215 seconds
Number of updated asset objects reloaded before import = 0
Number of asset objects unloaded after import = 1
========================================================================
Received Import Request.
  Time since last request: 0.002558 seconds.
  path: Assets/TextMesh Pro/Examples & Extras/Materials/Small Crate_diffuse.mat
  artifactKey: Guid(22262639920f43d6be32430e4e58350d) Importer(2089858483,0ecaa5967403d082aa24f35e1b516d23)
Start importing Assets/TextMesh Pro/Examples & Extras/Materials/Small Crate_diffuse.mat using Guid(22262639920f43d6be32430e4e58350d) Importer(2089858483,0ecaa5967403d082aa24f35e1b516d23) [PhysX] Initialized MultithreadedTaskDispatcher with 8 workers.
 -> (artifact id: 'c2f4aefd8f48fedcbe37131f092b7ed3') in 0.568209 seconds
Number of updated asset objects reloaded before import = 0
Number of asset objects unloaded after import = 3
========================================================================
Received Import Request.
  Time since last request: 0.000051 seconds.
  path: Assets/Convai/Plugins/Reallusion/cc_unity_tools_3D-1.6.2/3D/Material Templates/RL_Template_Baked_Hair_1st_Pass_3D.mat
  artifactKey: Guid(3c0769d846d6cc346aa6cb642c8e6991) Importer(2089858483,0ecaa5967403d082aa24f35e1b516d23)
Start importing Assets/Convai/Plugins/Reallusion/cc_unity_tools_3D-1.6.2/3D/Material Templates/RL_Template_Baked_Hair_1st_Pass_3D.mat using Guid(3c0769d846d6cc346aa6cb642c8e6991) Importer(2089858483,0ecaa5967403d082aa24f35e1b516d23) [PhysX] Initialized MultithreadedTaskDispatcher with 8 workers.
 -> (artifact id: 'b3b2c325de52399e78ba6e24701aff4f') in 0.079070 seconds
Number of updated asset objects reloaded before import = 0
Number of asset objects unloaded after import = 4
========================================================================
Received Import Request.
  Time since last request: 0.000142 seconds.
  path: Assets/TextMesh Pro/Examples & Extras/Scenes/12a - Text Interactions.unity
  artifactKey: Guid(08572ab7713642c8a60789750f0bce5c) Importer(2089858483,0ecaa5967403d082aa24f35e1b516d23)
Start importing Assets/TextMesh Pro/Examples & Extras/Scenes/12a - Text Interactions.unity using Guid(08572ab7713642c8a60789750f0bce5c) Importer(2089858483,0ecaa5967403d082aa24f35e1b516d23) [PhysX] Initialized MultithreadedTaskDispatcher with 8 workers.
 -> (artifact id: '881ba2c74616ef2e155a196a63b049db') in 0.018468 seconds
Number of updated asset objects reloaded before import = 0
Number of asset objects unloaded after import = 1
========================================================================
Received Import Request.
  Time since last request: 0.000683 seconds.
  path: Assets/SkySeries Freebie/ExampleScenes/SceneObjects/4_10.mat
  artifactKey: Guid(db3bceb128d32144ca6fd4550ac256bc) Importer(2089858483,0ecaa5967403d082aa24f35e1b516d23)
Start importing Assets/SkySeries Freebie/ExampleScenes/SceneObjects/4_10.mat using Guid(db3bceb128d32144ca6fd4550ac256bc) Importer(2089858483,0ecaa5967403d082aa24f35e1b516d23) [PhysX] Initialized MultithreadedTaskDispatcher with 8 workers.
 -> (artifact id: 'e80ecc1197ff366d05a59ae0f9676f5c') in 0.033720 seconds
Number of updated asset objects reloaded before import = 0
Number of asset objects unloaded after import = 1
========================================================================
Received Import Request.
  Time since last request: 0.002091 seconds.
  path: Assets/Convai/Demo/Scenes/Convai Demo WebGL.unity
  artifactKey: Guid(4d88fa024e94f554cb462d9d7f1227fb) Importer(2089858483,0ecaa5967403d082aa24f35e1b516d23)
Start importing Assets/Convai/Demo/Scenes/Convai Demo WebGL.unity using Guid(4d88fa024e94f554cb462d9d7f1227fb) Importer(2089858483,0ecaa5967403d082aa24f35e1b516d23) [PhysX] Initialized MultithreadedTaskDispatcher with 8 workers.
 -> (artifact id: '6d76ccacac1dc0fd15a510173c0bb62d') in 0.035509 seconds
Number of updated asset objects reloaded before import = 0
Number of asset objects unloaded after import = 1
========================================================================
Received Import Request.
  Time since last request: 0.000447 seconds.
  path: Assets/Settings/Low_PipelineAsset_ForwardRenderer.asset
  artifactKey: Guid(765032abd45317649851673498490891) Importer(2089858483,0ecaa5967403d082aa24f35e1b516d23)
Start importing Assets/Settings/Low_PipelineAsset_ForwardRenderer.asset using Guid(765032abd45317649851673498490891) Importer(2089858483,0ecaa5967403d082aa24f35e1b516d23) [PhysX] Initialized MultithreadedTaskDispatcher with 8 workers.
 -> (artifact id: '719c74a15a3780ba32bbf13f4ee0e4d9') in 0.423266 seconds
Number of updated asset objects reloaded before import = 0
Number of asset objects unloaded after import = 1
========================================================================
Received Import Request.
  Time since last request: 0.002268 seconds.
  path: Assets/TextMesh Pro/Examples & Extras/Scenes/26 - Dropdown Placeholder ExampleSettings.lighting
  artifactKey: Guid(df1a34ae6b78ab842928765c29c14fdb) Importer(2089858483,0ecaa5967403d082aa24f35e1b516d23)
Start importing Assets/TextMesh Pro/Examples & Extras/Scenes/26 - Dropdown Placeholder ExampleSettings.lighting using Guid(df1a34ae6b78ab842928765c29c14fdb) Importer(2089858483,0ecaa5967403d082aa24f35e1b516d23) [PhysX] Initialized MultithreadedTaskDispatcher with 8 workers.
LightingSettings: switching bake backend from 1 to 0.
 -> (artifact id: '20a6076894ce858bda40cfa226ce979c') in 0.148401 seconds
Number of updated asset objects reloaded before import = 0
Number of asset objects unloaded after import = 1
========================================================================
Received Import Request.
  Time since last request: 0.001545 seconds.
  path: Assets/TextMesh Pro/Examples & Extras/Materials/Ground - Logo Scene.mat
  artifactKey: Guid(c719e38f25a9480abd2480ab621a2949) Importer(2089858483,0ecaa5967403d082aa24f35e1b516d23)
Start importing Assets/TextMesh Pro/Examples & Extras/Materials/Ground - Logo Scene.mat using Guid(c719e38f25a9480abd2480ab621a2949) Importer(2089858483,0ecaa5967403d082aa24f35e1b516d23) [PhysX] Initialized MultithreadedTaskDispatcher with 8 workers.
 -> (artifact id: 'f8513a35ca79d82bf108ffa8f87e7db9') in 0.101197 seconds
Number of updated asset objects reloaded before import = 0
Number of asset objects unloaded after import = 2
========================================================================
Received Import Request.
  Time since last request: 31.809508 seconds.
  path: Assets/Global Volume Profile 1.asset
  artifactKey: Guid(cf8e3946e093df4459e77eb30b0085ef) Importer(815301076,1909f56bfc062723c751e8b465ee728b)
Start importing Assets/Global Volume Profile 1.asset using Guid(cf8e3946e093df4459e77eb30b0085ef) Importer(815301076,1909f56bfc062723c751e8b465ee728b) [PhysX] Initialized MultithreadedTaskDispatcher with 8 workers.
 -> (artifact id: '6131cae0333fc1fb36159c450e021ffd') in 0.160892 seconds
Number of updated asset objects reloaded before import = 5
Number of asset objects unloaded after import = 1
========================================================================
Received Import Request.
  Time since last request: 0.000049 seconds.
  path: Assets/Convai/Demo/Materials/NPC Amy/Sport_sneakers.mat
  artifactKey: Guid(4c84eff4162acfb4eb50944fd82d53c8) Importer(2089858483,0ecaa5967403d082aa24f35e1b516d23)
Start importing Assets/Convai/Demo/Materials/NPC Amy/Sport_sneakers.mat using Guid(4c84eff4162acfb4eb50944fd82d53c8) Importer(2089858483,0ecaa5967403d082aa24f35e1b516d23) [PhysX] Initialized MultithreadedTaskDispatcher with 8 workers.
 -> (artifact id: 'e5ed57723ede4068128625b1ff83eed1') in 0.077651 seconds
Number of updated asset objects reloaded before import = 0
Number of asset objects unloaded after import = 6
========================================================================
Received Import Request.
  Time since last request: 0.000054 seconds.
  path: Assets/TextMesh Pro/Examples & Extras/Scenes/06 - Extra Rich Text Examples.unity
  artifactKey: Guid(39a1fa96ad2a449b908fca29d4297a74) Importer(2089858483,0ecaa5967403d082aa24f35e1b516d23)
Start importing Assets/TextMesh Pro/Examples & Extras/Scenes/06 - Extra Rich Text Examples.unity using Guid(39a1fa96ad2a449b908fca29d4297a74) Importer(2089858483,0ecaa5967403d082aa24f35e1b516d23) [PhysX] Initialized MultithreadedTaskDispatcher with 8 workers.
 -> (artifact id: 'd40ce4be109c813a1f5534286bc8a490') in 0.009477 seconds
Number of updated asset objects reloaded before import = 0
Number of asset objects unloaded after import = 1
========================================================================
Received Import Request.
  Time since last request: 0.000043 seconds.
  path: Assets/SkySeries Freebie/ExampleScenes/SceneObjects/Full.mat
  artifactKey: Guid(1b27a20a436b4c64b882a6f739bf91de) Importer(2089858483,0ecaa5967403d082aa24f35e1b516d23)
Start importing Assets/SkySeries Freebie/ExampleScenes/SceneObjects/Full.mat using Guid(1b27a20a436b4c64b882a6f739bf91de) Importer(2089858483,0ecaa5967403d082aa24f35e1b516d23) [PhysX] Initialized MultithreadedTaskDispatcher with 8 workers.
 -> (artifact id: '3e7e814a6533d8f96ce68b86cdf9517a') in 0.033235 seconds
Number of updated asset objects reloaded before import = 0
Number of asset objects unloaded after import = 1
========================================================================
Received Import Request.
  Time since last request: 0.002852 seconds.
  path: Assets/TextMesh Pro/Examples & Extras/Scenes/06 - Extra Rich Text ExamplesSettings.lighting
  artifactKey: Guid(f09f617ecb14a874e95757f413e5000b) Importer(2089858483,0ecaa5967403d082aa24f35e1b516d23)
Start importing Assets/TextMesh Pro/Examples & Extras/Scenes/06 - Extra Rich Text ExamplesSettings.lighting using Guid(f09f617ecb14a874e95757f413e5000b) Importer(2089858483,0ecaa5967403d082aa24f35e1b516d23) [PhysX] Initialized MultithreadedTaskDispatcher with 8 workers.
LightingSettings: switching bake backend from 1 to 0.
 -> (artifact id: 'b3df5828cd1e7474a717916c398f26e2') in 0.047596 seconds
Number of updated asset objects reloaded before import = 0
Number of asset objects unloaded after import = 1
========================================================================
Received Import Request.
  Time since last request: 0.000037 seconds.
  path: Assets/TextMesh Pro/Examples & Extras/Scenes/12 - Link Example.unity
  artifactKey: Guid(9747140c28254be2adc582210dfb89b8) Importer(2089858483,0ecaa5967403d082aa24f35e1b516d23)
Start importing Assets/TextMesh Pro/Examples & Extras/Scenes/12 - Link Example.unity using Guid(9747140c28254be2adc582210dfb89b8) Importer(2089858483,0ecaa5967403d082aa24f35e1b516d23) [PhysX] Initialized MultithreadedTaskDispatcher with 8 workers.
 -> (artifact id: '6db4c4ebd4ae4125c5a6ed964dd7190f') in 0.061215 seconds
Number of updated asset objects reloaded before import = 0
Number of asset objects unloaded after import = 1
========================================================================
Received Import Request.
  Time since last request: 0.000275 seconds.
  path: Assets/TextMesh Pro/Examples & Extras/Scenes/15 - Inline Graphics & SpritesSettings.lighting
  artifactKey: Guid(05b195dee06e3764ca4c29f36844fa23) Importer(2089858483,0ecaa5967403d082aa24f35e1b516d23)
Start importing Assets/TextMesh Pro/Examples & Extras/Scenes/15 - Inline Graphics & SpritesSettings.lighting using Guid(05b195dee06e3764ca4c29f36844fa23) Importer(2089858483,0ecaa5967403d082aa24f35e1b516d23) [PhysX] Initialized MultithreadedTaskDispatcher with 8 workers.
LightingSettings: switching bake backend from 1 to 0.
 -> (artifact id: '2ae3255358bf62e55ed5fa55b1accbed') in 0.041324 seconds
Number of updated asset objects reloaded before import = 0
Number of asset objects unloaded after import = 1
========================================================================
Received Import Request.
  Time since last request: 0.002520 seconds.
  path: Assets/TextMesh Pro/Examples & Extras/Materials/Ground - Surface Shader Scene.mat
  artifactKey: Guid(aadd5a709a48466c887296bb5b1b8110) Importer(2089858483,0ecaa5967403d082aa24f35e1b516d23)
Start importing Assets/TextMesh Pro/Examples & Extras/Materials/Ground - Surface Shader Scene.mat using Guid(aadd5a709a48466c887296bb5b1b8110) Importer(2089858483,0ecaa5967403d082aa24f35e1b516d23) [PhysX] Initialized MultithreadedTaskDispatcher with 8 workers.
 -> (artifact id: '00256caa960cc4df5813ac1c12360e07') in 0.024438 seconds
Number of updated asset objects reloaded before import = 0
Number of asset objects unloaded after import = 2
========================================================================
Received Import Request.
  Time since last request: 0.000044 seconds.
  path: Assets/TextMesh Pro/Examples & Extras/Scenes/13 - Soft Hyphenation.unity
  artifactKey: Guid(875684baf40f4d008ce806d03e2a81b2) Importer(2089858483,0ecaa5967403d082aa24f35e1b516d23)
Start importing Assets/TextMesh Pro/Examples & Extras/Scenes/13 - Soft Hyphenation.unity using Guid(875684baf40f4d008ce806d03e2a81b2) Importer(2089858483,0ecaa5967403d082aa24f35e1b516d23) [PhysX] Initialized MultithreadedTaskDispatcher with 8 workers.
 -> (artifact id: 'ea09f6040978274f303d17ff294828a7') in 0.011886 seconds
Number of updated asset objects reloaded before import = 0
Number of asset objects unloaded after import = 1
========================================================================
Received Import Request.
  Time since last request: 0.000423 seconds.
  path: Assets/Settings/Very High_PipelineAsset_ForwardRenderer.asset
  artifactKey: Guid(b4f5ecbe60eb08d458df1da552a752ae) Importer(2089858483,0ecaa5967403d082aa24f35e1b516d23)
Start importing Assets/Settings/Very High_PipelineAsset_ForwardRenderer.asset using Guid(b4f5ecbe60eb08d458df1da552a752ae) Importer(2089858483,0ecaa5967403d082aa24f35e1b516d23) [PhysX] Initialized MultithreadedTaskDispatcher with 8 workers.
 -> (artifact id: 'fc95bab49c05027defaa7a8c2a5fe79c') in 0.050163 seconds
Number of updated asset objects reloaded before import = 0
Number of asset objects unloaded after import = 1
========================================================================
Received Import Request.
  Time since last request: 0.002585 seconds.
  path: Assets/Convai/Demo/Materials/NPC Amy/Scalp_Transparency.mat
  artifactKey: Guid(e6db58f361e033b4b9c31dbcf95ebb0c) Importer(2089858483,0ecaa5967403d082aa24f35e1b516d23)
Start importing Assets/Convai/Demo/Materials/NPC Amy/Scalp_Transparency.mat using Guid(e6db58f361e033b4b9c31dbcf95ebb0c) Importer(2089858483,0ecaa5967403d082aa24f35e1b516d23) [PhysX] Initialized MultithreadedTaskDispatcher with 8 workers.
 -> (artifact id: 'a0657e675f74180593bd0123b7bc5c6a') in 0.030767 seconds
Number of updated asset objects reloaded before import = 0
Number of asset objects unloaded after import = 3
========================================================================
Received Import Request.
  Time since last request: 0.000044 seconds.
  path: Assets/Convai/Settings/Script State/69a0819e-f1d9-11ef-bc7b-42010a7be016/Convai Demo WebGL_69a0819e-f1d9-11ef-bc7b-42010a7be016_Convai.Scripts.Runtime.Core.ConvaiBlinkingHandler_State.data
  artifactKey: Guid(048b2c56ea416b0428f8cac7655475a5) Importer(2089858483,0ecaa5967403d082aa24f35e1b516d23)
Start importing Assets/Convai/Settings/Script State/69a0819e-f1d9-11ef-bc7b-42010a7be016/Convai Demo WebGL_69a0819e-f1d9-11ef-bc7b-42010a7be016_Convai.Scripts.Runtime.Core.ConvaiBlinkingHandler_State.data using Guid(048b2c56ea416b0428f8cac7655475a5) Importer(2089858483,0ecaa5967403d082aa24f35e1b516d23) [PhysX] Initialized MultithreadedTaskDispatcher with 8 workers.
 -> (artifact id: '312156b2928d48901691b91f85995fd9') in 0.018940 seconds
Number of updated asset objects reloaded before import = 0
Number of asset objects unloaded after import = 1
========================================================================
Received Import Request.
  Time since last request: 0.000103 seconds.
  path: Assets/TextMesh Pro/Examples & Extras/Scenes/20 - Input Field with ScrollbarSettings.lighting
  artifactKey: Guid(feb0e84ef54013b45ab5785961a22bb8) Importer(2089858483,0ecaa5967403d082aa24f35e1b516d23)
Start importing Assets/TextMesh Pro/Examples & Extras/Scenes/20 - Input Field with ScrollbarSettings.lighting using Guid(feb0e84ef54013b45ab5785961a22bb8) Importer(2089858483,0ecaa5967403d082aa24f35e1b516d23) [PhysX] Initialized MultithreadedTaskDispatcher with 8 workers.
LightingSettings: switching bake backend from 1 to 0.
 -> (artifact id: 'd0d21bb65a8457b656bae951e0be7d7b') in 0.028730 seconds
Number of updated asset objects reloaded before import = 0
Number of asset objects unloaded after import = 1
========================================================================
Received Import Request.
  Time since last request: 0.000045 seconds.
  path: Assets/SkySeries Freebie/ExampleScenes/SceneObjects/2_10.mat
  artifactKey: Guid(eb10b6f571322b443bec8c532c088270) Importer(2089858483,0ecaa5967403d082aa24f35e1b516d23)
Start importing Assets/SkySeries Freebie/ExampleScenes/SceneObjects/2_10.mat using Guid(eb10b6f571322b443bec8c532c088270) Importer(2089858483,0ecaa5967403d082aa24f35e1b516d23) [PhysX] Initialized MultithreadedTaskDispatcher with 8 workers.
 -> (artifact id: '00673b5cc46fdba145da916522495250') in 0.018058 seconds
Number of updated asset objects reloaded before import = 0
Number of asset objects unloaded after import = 1
========================================================================
Received Import Request.
  Time since last request: 0.000050 seconds.
  path: Assets/TextMesh Pro/Examples & Extras/Scenes/03 - Line Justification.unity
  artifactKey: Guid(21a509e1d3cd49978623fa564adb6f02) Importer(2089858483,0ecaa5967403d082aa24f35e1b516d23)
Start importing Assets/TextMesh Pro/Examples & Extras/Scenes/03 - Line Justification.unity using Guid(21a509e1d3cd49978623fa564adb6f02) Importer(2089858483,0ecaa5967403d082aa24f35e1b516d23) [PhysX] Initialized MultithreadedTaskDispatcher with 8 workers.
 -> (artifact id: '1ecfeddf976550b47c1cd7e106b498f1') in 0.022151 seconds
Number of updated asset objects reloaded before import = 0
Number of asset objects unloaded after import = 1
========================================================================
Received Import Request.
  Time since last request: 0.000059 seconds.
  path: Assets/TextMesh Pro/Examples & Extras/Scenes/10 - Bullets & Numbered List ExampleSettings.lighting
  artifactKey: Guid(f42fafa271a7e4c4fb28a4fb43e520da) Importer(2089858483,0ecaa5967403d082aa24f35e1b516d23)
Start importing Assets/TextMesh Pro/Examples & Extras/Scenes/10 - Bullets & Numbered List ExampleSettings.lighting using Guid(f42fafa271a7e4c4fb28a4fb43e520da) Importer(2089858483,0ecaa5967403d082aa24f35e1b516d23) [PhysX] Initialized MultithreadedTaskDispatcher with 8 workers.
LightingSettings: switching bake backend from 1 to 0.
 -> (artifact id: '5fb0f83b56d4fcd6937d92991c217ae5') in 0.034882 seconds
Number of updated asset objects reloaded before import = 0
Number of asset objects unloaded after import = 1
========================================================================
Received Import Request.
  Time since last request: 0.000056 seconds.
  path: Assets/TextMesh Pro/Examples & Extras/Scenes/23 - Animating Vertex AttributesSettings.lighting
  artifactKey: Guid(1c1e48f5624a9c54090f25c124780cbf) Importer(2089858483,0ecaa5967403d082aa24f35e1b516d23)
Start importing Assets/TextMesh Pro/Examples & Extras/Scenes/23 - Animating Vertex AttributesSettings.lighting using Guid(1c1e48f5624a9c54090f25c124780cbf) Importer(2089858483,0ecaa5967403d082aa24f35e1b516d23) [PhysX] Initialized MultithreadedTaskDispatcher with 8 workers.
LightingSettings: switching bake backend from 1 to 0.
 -> (artifact id: 'be3189c45cdba5eb751cdb2d81044a8d') in 0.028711 seconds
Number of updated asset objects reloaded before import = 0
Number of asset objects unloaded after import = 1
========================================================================
Received Import Request.
  Time since last request: 0.000052 seconds.
  path: Assets/Convai/Demo/Avatars/Convai NPC Amy/Materials/Convai_NPC_Amy/Scalp_Transparency.mat
  artifactKey: Guid(d64f50e9277e1c74d9127cafd35151ad) Importer(2089858483,0ecaa5967403d082aa24f35e1b516d23)
Start importing Assets/Convai/Demo/Avatars/Convai NPC Amy/Materials/Convai_NPC_Amy/Scalp_Transparency.mat using Guid(d64f50e9277e1c74d9127cafd35151ad) Importer(2089858483,0ecaa5967403d082aa24f35e1b516d23) [PhysX] Initialized MultithreadedTaskDispatcher with 8 workers.
 -> (artifact id: 'aca0ee7de50e0a01acbb2fa3375633e2') in 0.029943 seconds
Number of updated asset objects reloaded before import = 0
Number of asset objects unloaded after import = 3
========================================================================
Received Import Request.
  Time since last request: 0.000053 seconds.
  path: Assets/Convai/Plugins/Reallusion/cc_unity_tools_3D-1.6.2/3D/Material Templates/RL_Template_Default_EyeOcclusion_3D.mat
  artifactKey: Guid(34cc189d81c7e2b41a4f7f3a8151e8c9) Importer(2089858483,0ecaa5967403d082aa24f35e1b516d23)
Start importing Assets/Convai/Plugins/Reallusion/cc_unity_tools_3D-1.6.2/3D/Material Templates/RL_Template_Default_EyeOcclusion_3D.mat using Guid(34cc189d81c7e2b41a4f7f3a8151e8c9) Importer(2089858483,0ecaa5967403d082aa24f35e1b516d23) [PhysX] Initialized MultithreadedTaskDispatcher with 8 workers.
 -> (artifact id: 'ee88fb6e0665aa1f56cf46a631722b34') in 0.020315 seconds
Number of updated asset objects reloaded before import = 0
Number of asset objects unloaded after import = 1
========================================================================
Received Import Request.
  Time since last request: 0.000073 seconds.
  path: Assets/Convai/Demo/Avatars/Convai NPC Amy/Materials/Convai_NPC_Amy/Denim_shorts.mat
  artifactKey: Guid(5609cd9ea4b5463459f35b57765ecf2b) Importer(2089858483,0ecaa5967403d082aa24f35e1b516d23)
Start importing Assets/Convai/Demo/Avatars/Convai NPC Amy/Materials/Convai_NPC_Amy/Denim_shorts.mat using Guid(5609cd9ea4b5463459f35b57765ecf2b) Importer(2089858483,0ecaa5967403d082aa24f35e1b516d23) [PhysX] Initialized MultithreadedTaskDispatcher with 8 workers.
 -> (artifact id: 'a792024ee1e577731e98234076c3660a') in 0.102226 seconds
Number of updated asset objects reloaded before import = 0
Number of asset objects unloaded after import = 5
========================================================================
Received Import Request.
  Time since last request: 0.000085 seconds.
  path: Assets/Settings/Medium_PipelineAsset.asset
  artifactKey: Guid(00b9f53de61be79468ea5143dca47ac4) Importer(2089858483,0ecaa5967403d082aa24f35e1b516d23)
Start importing Assets/Settings/Medium_PipelineAsset.asset using Guid(00b9f53de61be79468ea5143dca47ac4) Importer(2089858483,0ecaa5967403d082aa24f35e1b516d23) [PhysX] Initialized MultithreadedTaskDispatcher with 8 workers.
 -> (artifact id: '7be9340ff8be34f7efbb16aa52c23e60') in 0.207520 seconds
Number of updated asset objects reloaded before import = 0
Number of asset objects unloaded after import = 2
========================================================================
Received Import Request.
  Time since last request: 0.000538 seconds.
  path: Assets/Fantasy Skybox FREE/Scenes/Demo with terrain.unity
  artifactKey: Guid(594da9eac4a488a479b252ff922516d9) Importer(2089858483,0ecaa5967403d082aa24f35e1b516d23)
Start importing Assets/Fantasy Skybox FREE/Scenes/Demo with terrain.unity using Guid(594da9eac4a488a479b252ff922516d9) Importer(2089858483,0ecaa5967403d082aa24f35e1b516d23) [PhysX] Initialized MultithreadedTaskDispatcher with 8 workers.
 -> (artifact id: '602d439f6f484d6819b5c66864bb1bee') in 0.023751 seconds
Number of updated asset objects reloaded before import = 0
Number of asset objects unloaded after import = 1
========================================================================
Received Import Request.
  Time since last request: 0.000056 seconds.
  path: Assets/TextMesh Pro/Examples & Extras/Scenes/15 - Inline Graphics & Sprites.unity
  artifactKey: Guid(e76e6c0f81964cbda3fe0b7d26ed8060) Importer(2089858483,0ecaa5967403d082aa24f35e1b516d23)
Start importing Assets/TextMesh Pro/Examples & Extras/Scenes/15 - Inline Graphics & Sprites.unity using Guid(e76e6c0f81964cbda3fe0b7d26ed8060) Importer(2089858483,0ecaa5967403d082aa24f35e1b516d23) [PhysX] Initialized MultithreadedTaskDispatcher with 8 workers.
 -> (artifact id: 'cd62844e07cf25014ae240bcef24df5e') in 0.020686 seconds
Number of updated asset objects reloaded before import = 0
Number of asset objects unloaded after import = 1
========================================================================
Received Import Request.
  Time since last request: 0.000042 seconds.
  path: Assets/TextMesh Pro/Examples & Extras/Scenes/18 - ScrollRect & Masking & LayoutSettings.lighting
  artifactKey: Guid(4e4e7b477949daf4e86c620151863c62) Importer(2089858483,0ecaa5967403d082aa24f35e1b516d23)
Start importing Assets/TextMesh Pro/Examples & Extras/Scenes/18 - ScrollRect & Masking & LayoutSettings.lighting using Guid(4e4e7b477949daf4e86c620151863c62) Importer(2089858483,0ecaa5967403d082aa24f35e1b516d23) [PhysX] Initialized MultithreadedTaskDispatcher with 8 workers.
LightingSettings: switching bake backend from 1 to 0.
 -> (artifact id: '1626e3b8757ca2dd35ef2a3137bd99d9') in 0.023637 seconds
Number of updated asset objects reloaded before import = 0
Number of asset objects unloaded after import = 1
========================================================================
Received Import Request.
  Time since last request: 0.000046 seconds.
  path: Assets/TextMesh Pro/Examples & Extras/Scenes/23 - Animating Vertex Attributes.unity
  artifactKey: Guid(54e994244b4b467e8583cf2da6dcc716) Importer(2089858483,0ecaa5967403d082aa24f35e1b516d23)
Start importing Assets/TextMesh Pro/Examples & Extras/Scenes/23 - Animating Vertex Attributes.unity using Guid(54e994244b4b467e8583cf2da6dcc716) Importer(2089858483,0ecaa5967403d082aa24f35e1b516d23) [PhysX] Initialized MultithreadedTaskDispatcher with 8 workers.
 -> (artifact id: '645cab412daa2f86d73fff3ddbb31d4b') in 0.024089 seconds
Number of updated asset objects reloaded before import = 0
Number of asset objects unloaded after import = 1
========================================================================
Received Import Request.
  Time since last request: 0.000067 seconds.
  path: Assets/TextMesh Pro/Examples & Extras/Scenes/24 - Surface Shader Example.unity
  artifactKey: Guid(8c4969fd8ba94a68b07cf11f3e7a5137) Importer(2089858483,0ecaa5967403d082aa24f35e1b516d23)
Start importing Assets/TextMesh Pro/Examples & Extras/Scenes/24 - Surface Shader Example.unity using Guid(8c4969fd8ba94a68b07cf11f3e7a5137) Importer(2089858483,0ecaa5967403d082aa24f35e1b516d23) [PhysX] Initialized MultithreadedTaskDispatcher with 8 workers.
 -> (artifact id: '62c2481a01e742f0f6429f0dc15e5110') in 0.020603 seconds
Number of updated asset objects reloaded before import = 0
Number of asset objects unloaded after import = 1
========================================================================
Received Import Request.
  Time since last request: 0.000068 seconds.
  path: Assets/TextMesh Pro/Examples & Extras/Scenes/11 - The Style Tag.unity
  artifactKey: Guid(84ed36ad77dd4956b2ffe3769f759879) Importer(2089858483,0ecaa5967403d082aa24f35e1b516d23)
Start importing Assets/TextMesh Pro/Examples & Extras/Scenes/11 - The Style Tag.unity using Guid(84ed36ad77dd4956b2ffe3769f759879) Importer(2089858483,0ecaa5967403d082aa24f35e1b516d23) [PhysX] Initialized MultithreadedTaskDispatcher with 8 workers.
 -> (artifact id: '6ea3f7f5146b84b5568ecea31c6991d9') in 0.020154 seconds
Number of updated asset objects reloaded before import = 0
Number of asset objects unloaded after import = 1
========================================================================
Received Import Request.
  Time since last request: 0.000046 seconds.
  path: Assets/TextMesh Pro/Examples & Extras/Scenes/19 - Masking Texture & Soft MaskSettings.lighting
  artifactKey: Guid(d2334599765ba354385636d1658e920a) Importer(2089858483,0ecaa5967403d082aa24f35e1b516d23)
Start importing Assets/TextMesh Pro/Examples & Extras/Scenes/19 - Masking Texture & Soft MaskSettings.lighting using Guid(d2334599765ba354385636d1658e920a) Importer(2089858483,0ecaa5967403d082aa24f35e1b516d23) [PhysX] Initialized MultithreadedTaskDispatcher with 8 workers.
LightingSettings: switching bake backend from 1 to 0.
 -> (artifact id: 'f65a63748985e6ddfba8a65102a7deaa') in 0.041382 seconds
Number of updated asset objects reloaded before import = 0
Number of asset objects unloaded after import = 1
========================================================================
Received Import Request.
  Time since last request: 0.000051 seconds.
  path: Assets/Settings/Very Low_PipelineAsset.asset
  artifactKey: Guid(97ebeca540101f14583ffc98d06225f4) Importer(2089858483,0ecaa5967403d082aa24f35e1b516d23)
Start importing Assets/Settings/Very Low_PipelineAsset.asset using Guid(97ebeca540101f14583ffc98d06225f4) Importer(2089858483,0ecaa5967403d082aa24f35e1b516d23) [PhysX] Initialized MultithreadedTaskDispatcher with 8 workers.
 -> (artifact id: 'dc741827aef481e27dcead3b8eaffd49') in 0.062261 seconds
Number of updated asset objects reloaded before import = 0
Number of asset objects unloaded after import = 1
========================================================================
Received Import Request.
  Time since last request: 0.000064 seconds.
  path: Assets/TextMesh Pro/Examples & Extras/Resources/Fonts & Materials/Electronic Highway Sign SDF.asset
  artifactKey: Guid(dc36b3fdc14f47ebb36fd484a67e268a) Importer(2089858483,0ecaa5967403d082aa24f35e1b516d23)
Start importing Assets/TextMesh Pro/Examples & Extras/Resources/Fonts & Materials/Electronic Highway Sign SDF.asset using Guid(dc36b3fdc14f47ebb36fd484a67e268a) Importer(2089858483,0ecaa5967403d082aa24f35e1b516d23) [PhysX] Initialized MultithreadedTaskDispatcher with 8 workers.
 -> (artifact id: '11a849444adb34e49716f6af8b2266ee') in 0.437542 seconds
Number of updated asset objects reloaded before import = 0
Number of asset objects unloaded after import = 5
========================================================================
Received Import Request.
  Time since last request: 0.000073 seconds.
  path: Assets/TextMesh Pro/Examples & Extras/Scenes/08 - Improved Text AlignmentSettings.lighting
  artifactKey: Guid(52aa2efb3d868de4ba792de30a219e5f) Importer(2089858483,0ecaa5967403d082aa24f35e1b516d23)
Start importing Assets/TextMesh Pro/Examples & Extras/Scenes/08 - Improved Text AlignmentSettings.lighting using Guid(52aa2efb3d868de4ba792de30a219e5f) Importer(2089858483,0ecaa5967403d082aa24f35e1b516d23) [PhysX] Initialized MultithreadedTaskDispatcher with 8 workers.
LightingSettings: switching bake backend from 1 to 0.
 -> (artifact id: '8f93e3f65dd239dcee5f5803f2ffcead') in 0.033537 seconds
Number of updated asset objects reloaded before import = 0
Number of asset objects unloaded after import = 1
========================================================================
Received Import Request.
  Time since last request: 0.000041 seconds.
  path: Assets/TextMesh Pro/Examples & Extras/Scenes/12 - Link ExampleSettings.lighting
  artifactKey: Guid(ae31551bab6734448874bc546c28cca8) Importer(2089858483,0ecaa5967403d082aa24f35e1b516d23)
Start importing Assets/TextMesh Pro/Examples & Extras/Scenes/12 - Link ExampleSettings.lighting using Guid(ae31551bab6734448874bc546c28cca8) Importer(2089858483,0ecaa5967403d082aa24f35e1b516d23) [PhysX] Initialized MultithreadedTaskDispatcher with 8 workers.
LightingSettings: switching bake backend from 1 to 0.
 -> (artifact id: 'bad0d7ddb150b3031153fd575a160867') in 0.045376 seconds
Number of updated asset objects reloaded before import = 0
Number of asset objects unloaded after import = 1
========================================================================
Received Import Request.
  Time since last request: 0.000068 seconds.
  path: Assets/Convai/Plugins/Reallusion/cc_unity_tools_3D-1.6.2/3D/Material Templates/RL_Template_Default_Skin_3D.mat
  artifactKey: Guid(36128c2591570644a8079e6e7048efdf) Importer(2089858483,0ecaa5967403d082aa24f35e1b516d23)
Start importing Assets/Convai/Plugins/Reallusion/cc_unity_tools_3D-1.6.2/3D/Material Templates/RL_Template_Default_Skin_3D.mat using Guid(36128c2591570644a8079e6e7048efdf) Importer(2089858483,0ecaa5967403d082aa24f35e1b516d23) [PhysX] Initialized MultithreadedTaskDispatcher with 8 workers.
 -> (artifact id: '911437f71e0feb1c1b88eabab5a9e685') in 0.047384 seconds
Number of updated asset objects reloaded before import = 0
Number of asset objects unloaded after import = 4
========================================================================
Received Import Request.
  Time since last request: 0.000051 seconds.
  path: Assets/Convai/Demo/Materials/Black Color.mat
  artifactKey: Guid(5e271b90d0ed04646a3edc87026aa8fd) Importer(2089858483,0ecaa5967403d082aa24f35e1b516d23)
Start importing Assets/Convai/Demo/Materials/Black Color.mat using Guid(5e271b90d0ed04646a3edc87026aa8fd) Importer(2089858483,0ecaa5967403d082aa24f35e1b516d23) [PhysX] Initialized MultithreadedTaskDispatcher with 8 workers.
 -> (artifact id: 'de121bec3809373db1032f3b56444909') in 0.015922 seconds
Number of updated asset objects reloaded before import = 0
Number of asset objects unloaded after import = 1
========================================================================
Received Import Request.
  Time since last request: 0.000059 seconds.
  path: Assets/Convai/Demo/Materials/Red Color.mat
  artifactKey: Guid(1374edafd89d6e545a0f9fbb6f333f71) Importer(2089858483,0ecaa5967403d082aa24f35e1b516d23)
Start importing Assets/Convai/Demo/Materials/Red Color.mat using Guid(1374edafd89d6e545a0f9fbb6f333f71) Importer(2089858483,0ecaa5967403d082aa24f35e1b516d23) [PhysX] Initialized MultithreadedTaskDispatcher with 8 workers.
 -> (artifact id: '8dc731eaaedbe356a5d6b00899e2f7f9') in 0.015497 seconds
Number of updated asset objects reloaded before import = 0
Number of asset objects unloaded after import = 1
========================================================================
Received Import Request.
  Time since last request: 0.000054 seconds.
  path: Assets/Convai/Plugins/Reallusion/cc_unity_tools_3D-1.6.2/3D/Material Templates/RL_Template_Default_Opaque_3D.mat
  artifactKey: Guid(c023915403d2db94c9a6daaae3b539aa) Importer(2089858483,0ecaa5967403d082aa24f35e1b516d23)
Start importing Assets/Convai/Plugins/Reallusion/cc_unity_tools_3D-1.6.2/3D/Material Templates/RL_Template_Default_Opaque_3D.mat using Guid(c023915403d2db94c9a6daaae3b539aa) Importer(2089858483,0ecaa5967403d082aa24f35e1b516d23) [PhysX] Initialized MultithreadedTaskDispatcher with 8 workers.
 -> (artifact id: '5be031b553ace7281449d6082ec2efb3') in 0.019353 seconds
Number of updated asset objects reloaded before import = 0
Number of asset objects unloaded after import = 4
========================================================================
Received Import Request.
  Time since last request: 0.000036 seconds.
  path: Assets/Convai/Demo/Materials/Ground.mat
  artifactKey: Guid(f2da2b0aa2efdd048b23e8dd43a6dd5b) Importer(2089858483,0ecaa5967403d082aa24f35e1b516d23)
Start importing Assets/Convai/Demo/Materials/Ground.mat using Guid(f2da2b0aa2efdd048b23e8dd43a6dd5b) Importer(2089858483,0ecaa5967403d082aa24f35e1b516d23) [PhysX] Initialized MultithreadedTaskDispatcher with 8 workers.
 -> (artifact id: 'ab7937d90a1a5f16ee3082d308dd1950') in 0.015586 seconds
Number of updated asset objects reloaded before import = 0
Number of asset objects unloaded after import = 1
========================================================================
Received Import Request.
  Time since last request: 0.000043 seconds.
  path: Assets/Convai/Plugins/Reallusion/cc_unity_tools_3D-1.6.2/3D/Material Templates/RL_Template_Default_AlphaBlend_3D.mat
  artifactKey: Guid(c44d8c4d3f7eca84685fb52a5db1b1ad) Importer(2089858483,0ecaa5967403d082aa24f35e1b516d23)
Start importing Assets/Convai/Plugins/Reallusion/cc_unity_tools_3D-1.6.2/3D/Material Templates/RL_Template_Default_AlphaBlend_3D.mat using Guid(c44d8c4d3f7eca84685fb52a5db1b1ad) Importer(2089858483,0ecaa5967403d082aa24f35e1b516d23) [PhysX] Initialized MultithreadedTaskDispatcher with 8 workers.
 -> (artifact id: '8d9e6d621fdc067e90408cc3abf7d1b4') in 0.040786 seconds
Number of updated asset objects reloaded before import = 0
Number of asset objects unloaded after import = 4
========================================================================
Received Import Request.
  Time since last request: 0.000048 seconds.
  path: Assets/Settings/Low_PipelineAsset.asset
  artifactKey: Guid(9fa4ebdf01a50584e819998bea445de7) Importer(2089858483,0ecaa5967403d082aa24f35e1b516d23)
Start importing Assets/Settings/Low_PipelineAsset.asset using Guid(9fa4ebdf01a50584e819998bea445de7) Importer(2089858483,0ecaa5967403d082aa24f35e1b516d23) [PhysX] Initialized MultithreadedTaskDispatcher with 8 workers.
 -> (artifact id: 'a69433a163238beab610259ed09a64f0') in 0.049361 seconds
Number of updated asset objects reloaded before import = 0
Number of asset objects unloaded after import = 2
========================================================================
Received Import Request.
  Time since last request: 0.000058 seconds.
  path: Assets/Settings/High_PipelineAsset.asset
  artifactKey: Guid(a163c677ca2181047b1a0db94fec1078) Importer(2089858483,0ecaa5967403d082aa24f35e1b516d23)
Start importing Assets/Settings/High_PipelineAsset.asset using Guid(a163c677ca2181047b1a0db94fec1078) Importer(2089858483,0ecaa5967403d082aa24f35e1b516d23) [PhysX] Initialized MultithreadedTaskDispatcher with 8 workers.
 -> (artifact id: '8a7d7d92c0f65d2cbac65f76d39d4298') in 0.062041 seconds
Number of updated asset objects reloaded before import = 0
Number of asset objects unloaded after import = 2
========================================================================
Received Import Request.
  Time since last request: 0.000206 seconds.
  path: Assets/TextMesh Pro/Examples & Extras/Scenes/05 - Style Tags.unity
  artifactKey: Guid(70615243e2be4a81afaab9bf5d273d65) Importer(2089858483,0ecaa5967403d082aa24f35e1b516d23)
Start importing Assets/TextMesh Pro/Examples & Extras/Scenes/05 - Style Tags.unity using Guid(70615243e2be4a81afaab9bf5d273d65) Importer(2089858483,0ecaa5967403d082aa24f35e1b516d23) [PhysX] Initialized MultithreadedTaskDispatcher with 8 workers.
 -> (artifact id: '9859cfe94e6e0398990e449a65793bde') in 0.015784 seconds
Number of updated asset objects reloaded before import = 0
Number of asset objects unloaded after import = 1
========================================================================
Received Import Request.
  Time since last request: 0.000041 seconds.
  path: Assets/Convai/Demo/Avatars/Convai NPC Amy/Materials/Convai_NPC_Amy/Basic_T_shirts.mat
  artifactKey: Guid(860c1986dd1ebe74c9451936663ab45e) Importer(2089858483,0ecaa5967403d082aa24f35e1b516d23)
Start importing Assets/Convai/Demo/Avatars/Convai NPC Amy/Materials/Convai_NPC_Amy/Basic_T_shirts.mat using Guid(860c1986dd1ebe74c9451936663ab45e) Importer(2089858483,0ecaa5967403d082aa24f35e1b516d23) [PhysX] Initialized MultithreadedTaskDispatcher with 8 workers.
 -> (artifact id: '346194b2cec1016b6893edae4224225e') in 0.069955 seconds
Number of updated asset objects reloaded before import = 0
Number of asset objects unloaded after import = 6
========================================================================
Received Import Request.
  Time since last request: 0.000043 seconds.
  path: Assets/TextMesh Pro/Examples & Extras/Scenes/16 - Linked text overflow mode example.unity
  artifactKey: Guid(9442cda25baa4a0bb544c4d095b00caa) Importer(2089858483,0ecaa5967403d082aa24f35e1b516d23)
Start importing Assets/TextMesh Pro/Examples & Extras/Scenes/16 - Linked text overflow mode example.unity using Guid(9442cda25baa4a0bb544c4d095b00caa) Importer(2089858483,0ecaa5967403d082aa24f35e1b516d23) [PhysX] Initialized MultithreadedTaskDispatcher with 8 workers.
 -> (artifact id: 'befb7a63dbae0bd3833ab28ada2a4de1') in 0.020576 seconds
Number of updated asset objects reloaded before import = 0
Number of asset objects unloaded after import = 1
========================================================================
Received Import Request.
  Time since last request: 0.000079 seconds.
  path: Assets/TextMesh Pro/Examples & Extras/Scenes/26 - Dropdown Placeholder Example.unity
  artifactKey: Guid(0851605490a599b46b6ac5cb681d93ea) Importer(2089858483,0ecaa5967403d082aa24f35e1b516d23)
Start importing Assets/TextMesh Pro/Examples & Extras/Scenes/26 - Dropdown Placeholder Example.unity using Guid(0851605490a599b46b6ac5cb681d93ea) Importer(2089858483,0ecaa5967403d082aa24f35e1b516d23) [PhysX] Initialized MultithreadedTaskDispatcher with 8 workers.
 -> (artifact id: 'ef85c748e703f431440b6d6c7bdb9f40') in 0.013243 seconds
Number of updated asset objects reloaded before import = 0
Number of asset objects unloaded after import = 1
========================================================================
Received Import Request.
  Time since last request: 0.000080 seconds.
  path: Assets/TextMesh Pro/Examples & Extras/Scenes/14 - Multi Font & Sprites.unity
  artifactKey: Guid(22a2fba786ad4c40ac0ba09f0b933100) Importer(2089858483,0ecaa5967403d082aa24f35e1b516d23)
Start importing Assets/TextMesh Pro/Examples & Extras/Scenes/14 - Multi Font & Sprites.unity using Guid(22a2fba786ad4c40ac0ba09f0b933100) Importer(2089858483,0ecaa5967403d082aa24f35e1b516d23) [PhysX] Initialized MultithreadedTaskDispatcher with 8 workers.
 -> (artifact id: '92ec6006c00bb2cabff2828c3fa3e784') in 0.012128 seconds
Number of updated asset objects reloaded before import = 0
Number of asset objects unloaded after import = 1
========================================================================
Received Import Request.
  Time since last request: 0.000042 seconds.
  path: Assets/TextMesh Pro/Examples & Extras/Scenes/09 - Margin Tag Example.unity
  artifactKey: Guid(349f38d3606449708c7340d26740e1e2) Importer(2089858483,0ecaa5967403d082aa24f35e1b516d23)
Start importing Assets/TextMesh Pro/Examples & Extras/Scenes/09 - Margin Tag Example.unity using Guid(349f38d3606449708c7340d26740e1e2) Importer(2089858483,0ecaa5967403d082aa24f35e1b516d23) [PhysX] Initialized MultithreadedTaskDispatcher with 8 workers.
 -> (artifact id: '15f6207c25bcab281edbb46587d6a1e8') in 0.016265 seconds
Number of updated asset objects reloaded before import = 0
Number of asset objects unloaded after import = 1
========================================================================
Received Import Request.
  Time since last request: 0.000073 seconds.
  path: Assets/TextMesh Pro/Examples & Extras/Scenes/13 - Soft HyphenationSettings.lighting
  artifactKey: Guid(1ce31bb0a1c308f4d92a708db852ae1e) Importer(2089858483,0ecaa5967403d082aa24f35e1b516d23)
Start importing Assets/TextMesh Pro/Examples & Extras/Scenes/13 - Soft HyphenationSettings.lighting using Guid(1ce31bb0a1c308f4d92a708db852ae1e) Importer(2089858483,0ecaa5967403d082aa24f35e1b516d23) [PhysX] Initialized MultithreadedTaskDispatcher with 8 workers.
LightingSettings: switching bake backend from 1 to 0.
 -> (artifact id: 'd9fbbb9f38b901be621c753c704399b4') in 0.028655 seconds
Number of updated asset objects reloaded before import = 0
Number of asset objects unloaded after import = 1
========================================================================
Received Import Request.
  Time since last request: 168.733532 seconds.
  path: Assets/Fantasy Skybox FREE/Cubemaps/Classic/FS000_Day_01.mat
  artifactKey: Guid(12ccb828343c3405fb94289774b51aad) Importer(815301076,1909f56bfc062723c751e8b465ee728b)
Start importing Assets/Fantasy Skybox FREE/Cubemaps/Classic/FS000_Day_01.mat using Guid(12ccb828343c3405fb94289774b51aad) Importer(815301076,1909f56bfc062723c751e8b465ee728b) [PhysX] Initialized MultithreadedTaskDispatcher with 8 workers.
[PhysX] Initialized MultithreadedTaskDispatcher with 8 workers.
 -> (artifact id: '3219755284c966d3711479d4146894de') in 2.997170 seconds
Number of updated asset objects reloaded before import = 0
Number of asset objects unloaded after import = 3
========================================================================
Received Import Request.
  Time since last request: 0.000564 seconds.
  path: Assets/Fantasy Skybox FREE/Cubemaps/Classic/FS000_Day_04_Sunless.mat
  artifactKey: Guid(e1ec0e2320d2d4fb9a393769378ce0a1) Importer(815301076,1909f56bfc062723c751e8b465ee728b)
Start importing Assets/Fantasy Skybox FREE/Cubemaps/Classic/FS000_Day_04_Sunless.mat using Guid(e1ec0e2320d2d4fb9a393769378ce0a1) Importer(815301076,1909f56bfc062723c751e8b465ee728b) [PhysX] Initialized MultithreadedTaskDispatcher with 8 workers.
[PhysX] Initialized MultithreadedTaskDispatcher with 8 workers.
 -> (artifact id: '0311c827a9dadf26fac6ab74a8417cf5') in 0.046340 seconds
Number of updated asset objects reloaded before import = 0
Number of asset objects unloaded after import = 3
========================================================================
Received Import Request.
  Time since last request: 0.000058 seconds.
  path: Assets/Fantasy Skybox FREE/Cubemaps/Classic/FS000_Day_02.mat
  artifactKey: Guid(fa95802f80bd745cfb5e9c89f7e22341) Importer(815301076,1909f56bfc062723c751e8b465ee728b)
Start importing Assets/Fantasy Skybox FREE/Cubemaps/Classic/FS000_Day_02.mat using Guid(fa95802f80bd745cfb5e9c89f7e22341) Importer(815301076,1909f56bfc062723c751e8b465ee728b) [PhysX] Initialized MultithreadedTaskDispatcher with 8 workers.
[PhysX] Initialized MultithreadedTaskDispatcher with 8 workers.
 -> (artifact id: 'a056f5f1db4084dc4975e2e15e11a543') in 0.039059 seconds
Number of updated asset objects reloaded before import = 0
Number of asset objects unloaded after import = 3
========================================================================
Received Import Request.
  Time since last request: 0.000092 seconds.
  path: Assets/Fantasy Skybox FREE/Cubemaps/Classic/FS000_Day_06.mat
  artifactKey: Guid(123caa41e84e041d0bd65bb3ae888dd1) Importer(815301076,1909f56bfc062723c751e8b465ee728b)
Start importing Assets/Fantasy Skybox FREE/Cubemaps/Classic/FS000_Day_06.mat using Guid(123caa41e84e041d0bd65bb3ae888dd1) Importer(815301076,1909f56bfc062723c751e8b465ee728b) [PhysX] Initialized MultithreadedTaskDispatcher with 8 workers.
[PhysX] Initialized MultithreadedTaskDispatcher with 8 workers.
 -> (artifact id: '2ec69985902ec707f1ecabfba57ae7e3') in 0.082203 seconds
Number of updated asset objects reloaded before import = 0
Number of asset objects unloaded after import = 3
========================================================================
Received Import Request.
  Time since last request: 0.000103 seconds.
  path: Assets/Fantasy Skybox FREE/Cubemaps/Classic/FS000_Day_03.mat
  artifactKey: Guid(33ab377b49aa14f6fae6e5bac230a5d4) Importer(815301076,1909f56bfc062723c751e8b465ee728b)
Start importing Assets/Fantasy Skybox FREE/Cubemaps/Classic/FS000_Day_03.mat using Guid(33ab377b49aa14f6fae6e5bac230a5d4) Importer(815301076,1909f56bfc062723c751e8b465ee728b) [PhysX] Initialized MultithreadedTaskDispatcher with 8 workers.
[PhysX] Initialized MultithreadedTaskDispatcher with 8 workers.
 -> (artifact id: '32243ec860cc391e87843da04ec0c641') in 0.199717 seconds
Number of updated asset objects reloaded before import = 0
Number of asset objects unloaded after import = 3
========================================================================
Received Import Request.
  Time since last request: 0.001309 seconds.
  path: Assets/Fantasy Skybox FREE/Cubemaps/Classic/FS000_Day_02_Sunless.mat
  artifactKey: Guid(99a400087584f4263b1a8979d6007ad4) Importer(815301076,1909f56bfc062723c751e8b465ee728b)
Start importing Assets/Fantasy Skybox FREE/Cubemaps/Classic/FS000_Day_02_Sunless.mat using Guid(99a400087584f4263b1a8979d6007ad4) Importer(815301076,1909f56bfc062723c751e8b465ee728b) [PhysX] Initialized MultithreadedTaskDispatcher with 8 workers.
[PhysX] Initialized MultithreadedTaskDispatcher with 8 workers.
 -> (artifact id: '2c39c9a43864b2e3ee375f28cb97f0fd') in 0.450102 seconds
Number of updated asset objects reloaded before import = 0
Number of asset objects unloaded after import = 3
========================================================================
Received Import Request.
  Time since last request: 0.000631 seconds.
  path: Assets/Fantasy Skybox FREE/Cubemaps/Classic/FS000_Day_03.png
  artifactKey: Guid(24941804827e1524eb70477f7f68a111) Importer(815301076,1909f56bfc062723c751e8b465ee728b)
Start importing Assets/Fantasy Skybox FREE/Cubemaps/Classic/FS000_Day_03.png using Guid(24941804827e1524eb70477f7f68a111) Importer(815301076,1909f56bfc062723c751e8b465ee728b) [PhysX] Initialized MultithreadedTaskDispatcher with 8 workers.
[PhysX] Initialized MultithreadedTaskDispatcher with 8 workers.
[PhysX] Initialized MultithreadedTaskDispatcher with 8 workers.
 -> (artifact id: 'e238a9987acfb04cfd8408674a702123') in 0.467692 seconds
Number of updated asset objects reloaded before import = 0
Number of asset objects unloaded after import = 2
========================================================================
Received Import Request.
  Time since last request: 0.000119 seconds.
  path: Assets/Fantasy Skybox FREE/Cubemaps/Classic/FS000_Day_02.png
  artifactKey: Guid(88c467166db994146961f1ecc5fc214e) Importer(815301076,1909f56bfc062723c751e8b465ee728b)
Start importing Assets/Fantasy Skybox FREE/Cubemaps/Classic/FS000_Day_02.png using Guid(88c467166db994146961f1ecc5fc214e) Importer(815301076,1909f56bfc062723c751e8b465ee728b) [PhysX] Initialized MultithreadedTaskDispatcher with 8 workers.
[PhysX] Initialized MultithreadedTaskDispatcher with 8 workers.
[PhysX] Initialized MultithreadedTaskDispatcher with 8 workers.
 -> (artifact id: '94bedf650287ca1d3bf2adc08a0548c4') in 0.085312 seconds
Number of updated asset objects reloaded before import = 0
Number of asset objects unloaded after import = 2
========================================================================
Received Import Request.
  Time since last request: 0.000451 seconds.
  path: Assets/Fantasy Skybox FREE/Cubemaps/Classic/FS000_Night_02_Moonless.mat
  artifactKey: Guid(94caf2ba4ca5e46bfaba53afcc8778dd) Importer(815301076,1909f56bfc062723c751e8b465ee728b)
Start importing Assets/Fantasy Skybox FREE/Cubemaps/Classic/FS000_Night_02_Moonless.mat using Guid(94caf2ba4ca5e46bfaba53afcc8778dd) Importer(815301076,1909f56bfc062723c751e8b465ee728b) [PhysX] Initialized MultithreadedTaskDispatcher with 8 workers.
[PhysX] Initialized MultithreadedTaskDispatcher with 8 workers.
 -> (artifact id: '2bf18f13e4a02382175db6479ef2998a') in 0.049626 seconds
Number of updated asset objects reloaded before import = 0
Number of asset objects unloaded after import = 3
========================================================================
Received Import Request.
  Time since last request: 0.000043 seconds.
  path: Assets/Fantasy Skybox FREE/Cubemaps/Classic/FS000_Night_01.png
  artifactKey: Guid(a64d2362d418d194f91274685fb10faf) Importer(815301076,1909f56bfc062723c751e8b465ee728b)
Start importing Assets/Fantasy Skybox FREE/Cubemaps/Classic/FS000_Night_01.png using Guid(a64d2362d418d194f91274685fb10faf) Importer(815301076,1909f56bfc062723c751e8b465ee728b) [PhysX] Initialized MultithreadedTaskDispatcher with 8 workers.
[PhysX] Initialized MultithreadedTaskDispatcher with 8 workers.
[PhysX] Initialized MultithreadedTaskDispatcher with 8 workers.
 -> (artifact id: 'd52a852fc95380ba2d334a168d1de380') in 0.079470 seconds
Number of updated asset objects reloaded before import = 0
Number of asset objects unloaded after import = 2
========================================================================
Received Import Request.
  Time since last request: 0.000087 seconds.
  path: Assets/Fantasy Skybox FREE/Cubemaps/Classic/FS000_Day_01_Sunless.mat
  artifactKey: Guid(d48a7646f5d0547e889733d84b50cb9f) Importer(815301076,1909f56bfc062723c751e8b465ee728b)
Start importing Assets/Fantasy Skybox FREE/Cubemaps/Classic/FS000_Day_01_Sunless.mat using Guid(d48a7646f5d0547e889733d84b50cb9f) Importer(815301076,1909f56bfc062723c751e8b465ee728b) [PhysX] Initialized MultithreadedTaskDispatcher with 8 workers.
[PhysX] Initialized MultithreadedTaskDispatcher with 8 workers.
 -> (artifact id: '4687377cf9d56c90817b67df71879280') in 0.023713 seconds
Number of updated asset objects reloaded before import = 0
Number of asset objects unloaded after import = 3
========================================================================
Received Import Request.
  Time since last request: 0.000057 seconds.
  path: Assets/Fantasy Skybox FREE/Cubemaps/Classic/FS000_Day_06.png
  artifactKey: Guid(5dd1dab73acb80a4ca4a200b35ea95e2) Importer(815301076,1909f56bfc062723c751e8b465ee728b)
Start importing Assets/Fantasy Skybox FREE/Cubemaps/Classic/FS000_Day_06.png using Guid(5dd1dab73acb80a4ca4a200b35ea95e2) Importer(815301076,1909f56bfc062723c751e8b465ee728b) [PhysX] Initialized MultithreadedTaskDispatcher with 8 workers.
[PhysX] Initialized MultithreadedTaskDispatcher with 8 workers.
[PhysX] Initialized MultithreadedTaskDispatcher with 8 workers.
 -> (artifact id: '7614560cfc79f510ae524a7a8c89e1db') in 0.022005 seconds
Number of updated asset objects reloaded before import = 0
Number of asset objects unloaded after import = 2
========================================================================
Received Import Request.
  Time since last request: 0.000039 seconds.
  path: Assets/Fantasy Skybox FREE/Cubemaps/Classic/FS000_Day_06_Sunless.mat
  artifactKey: Guid(5c8d5031ce45e4962818ca2b5426a8cf) Importer(815301076,1909f56bfc062723c751e8b465ee728b)
Start importing Assets/Fantasy Skybox FREE/Cubemaps/Classic/FS000_Day_06_Sunless.mat using Guid(5c8d5031ce45e4962818ca2b5426a8cf) Importer(815301076,1909f56bfc062723c751e8b465ee728b) [PhysX] Initialized MultithreadedTaskDispatcher with 8 workers.
[PhysX] Initialized MultithreadedTaskDispatcher with 8 workers.
 -> (artifact id: '0a0d870041d4f7acf12a3165f09cb9b7') in 0.024207 seconds
Number of updated asset objects reloaded before import = 0
Number of asset objects unloaded after import = 3
========================================================================
Received Import Request.
  Time since last request: 0.000045 seconds.
  path: Assets/Fantasy Skybox FREE/Cubemaps/Classic/FS000_Day_03_Sunless.png
  artifactKey: Guid(6b057cc84b9df8440b171f96ff306279) Importer(815301076,1909f56bfc062723c751e8b465ee728b)
Start importing Assets/Fantasy Skybox FREE/Cubemaps/Classic/FS000_Day_03_Sunless.png using Guid(6b057cc84b9df8440b171f96ff306279) Importer(815301076,1909f56bfc062723c751e8b465ee728b) [PhysX] Initialized MultithreadedTaskDispatcher with 8 workers.
[PhysX] Initialized MultithreadedTaskDispatcher with 8 workers.
[PhysX] Initialized MultithreadedTaskDispatcher with 8 workers.
 -> (artifact id: 'a6875848255d9553e17421c00e4a7c17') in 0.023074 seconds
Number of updated asset objects reloaded before import = 0
Number of asset objects unloaded after import = 2
========================================================================
Received Import Request.
  Time since last request: 0.000038 seconds.
  path: Assets/Fantasy Skybox FREE/Cubemaps/Classic/FS000_Day_04.mat
  artifactKey: Guid(1700716a8dd8948cf8c66ea34a2786d5) Importer(815301076,1909f56bfc062723c751e8b465ee728b)
Start importing Assets/Fantasy Skybox FREE/Cubemaps/Classic/FS000_Day_04.mat using Guid(1700716a8dd8948cf8c66ea34a2786d5) Importer(815301076,1909f56bfc062723c751e8b465ee728b) [PhysX] Initialized MultithreadedTaskDispatcher with 8 workers.
[PhysX] Initialized MultithreadedTaskDispatcher with 8 workers.
 -> (artifact id: '36dea69e46ec7c660fc7fe1a248d75d3') in 0.029202 seconds
Number of updated asset objects reloaded before import = 0
Number of asset objects unloaded after import = 3
========================================================================
Received Import Request.
  Time since last request: 0.000546 seconds.
  path: Assets/Fantasy Skybox FREE/Cubemaps/Classic/FS000_Day_04.png
  artifactKey: Guid(599e20092e3297247ad7ecc4ba9caf00) Importer(815301076,1909f56bfc062723c751e8b465ee728b)
Start importing Assets/Fantasy Skybox FREE/Cubemaps/Classic/FS000_Day_04.png using Guid(599e20092e3297247ad7ecc4ba9caf00) Importer(815301076,1909f56bfc062723c751e8b465ee728b) [PhysX] Initialized MultithreadedTaskDispatcher with 8 workers.
[PhysX] Initialized MultithreadedTaskDispatcher with 8 workers.
[PhysX] Initialized MultithreadedTaskDispatcher with 8 workers.
 -> (artifact id: 'bad3b98cf4ba8e514bd3f1497184f71d') in 0.031561 seconds
Number of updated asset objects reloaded before import = 0
Number of asset objects unloaded after import = 2
========================================================================
Received Import Request.
  Time since last request: 0.000069 seconds.
  path: Assets/Fantasy Skybox FREE/Cubemaps/Classic/FS000_Night_03_Moonless.png
  artifactKey: Guid(72dbfaf2e11e92744a2ff15822b9079f) Importer(815301076,1909f56bfc062723c751e8b465ee728b)
Start importing Assets/Fantasy Skybox FREE/Cubemaps/Classic/FS000_Night_03_Moonless.png using Guid(72dbfaf2e11e92744a2ff15822b9079f) Importer(815301076,1909f56bfc062723c751e8b465ee728b) [PhysX] Initialized MultithreadedTaskDispatcher with 8 workers.
[PhysX] Initialized MultithreadedTaskDispatcher with 8 workers.
[PhysX] Initialized MultithreadedTaskDispatcher with 8 workers.
 -> (artifact id: '85ff5a993d7b0fa05c316e531d99968d') in 0.088836 seconds
Number of updated asset objects reloaded before import = 0
Number of asset objects unloaded after import = 2
========================================================================
Received Import Request.
  Time since last request: 0.000054 seconds.
  path: Assets/Fantasy Skybox FREE/Cubemaps/Classic/FS000_Day_04_Sunless.png
  artifactKey: Guid(0e981c5218a661d479182696be5f084f) Importer(815301076,1909f56bfc062723c751e8b465ee728b)
Start importing Assets/Fantasy Skybox FREE/Cubemaps/Classic/FS000_Day_04_Sunless.png using Guid(0e981c5218a661d479182696be5f084f) Importer(815301076,1909f56bfc062723c751e8b465ee728b) [PhysX] Initialized MultithreadedTaskDispatcher with 8 workers.
[PhysX] Initialized MultithreadedTaskDispatcher with 8 workers.
[PhysX] Initialized MultithreadedTaskDispatcher with 8 workers.
 -> (artifact id: 'aeb130341ccf06b53d21a09f75c8f2bc') in 0.033096 seconds
Number of updated asset objects reloaded before import = 0
Number of asset objects unloaded after import = 2
========================================================================
Received Import Request.
  Time since last request: 0.000070 seconds.
  path: Assets/Fantasy Skybox FREE/Cubemaps/Classic/FS000_Day_06_Sunless.png
  artifactKey: Guid(5a80706490c0b9e458216d2d0bb6c8f5) Importer(815301076,1909f56bfc062723c751e8b465ee728b)
Start importing Assets/Fantasy Skybox FREE/Cubemaps/Classic/FS000_Day_06_Sunless.png using Guid(5a80706490c0b9e458216d2d0bb6c8f5) Importer(815301076,1909f56bfc062723c751e8b465ee728b) [PhysX] Initialized MultithreadedTaskDispatcher with 8 workers.
[PhysX] Initialized MultithreadedTaskDispatcher with 8 workers.
[PhysX] Initialized MultithreadedTaskDispatcher with 8 workers.
 -> (artifact id: '0d7dea92016d92540e27d28f429f4bcd') in 0.035414 seconds
Number of updated asset objects reloaded before import = 0
Number of asset objects unloaded after import = 2
========================================================================
Received Prepare
Begin MonoManager ReloadAssembly
Symbol file LoadedFromMemory is not a mono symbol file
- Loaded All Assemblies, in  6.863 seconds
Refreshing native plugins compatible for Editor in 34.91 ms, found 3 plugins.
Native extension for WindowsStandalone target not found
Native extension for iOS target not found
Native extension for Android target not found
Native extension for WebGL target not found
[MODES] ModeService[none].Initialize
[MODES] ModeService[none].LoadModes
[MODES] Loading mode Default (0) for mode-current-id-Hackathon
Mono: successfully reloaded assembly
- Finished resetting the current domain, in 13.319 seconds
Domain Reload Profiling: 20182ms
	BeginReloadAssembly (2724ms)
		ExecutionOrderSort (0ms)
		DisableScriptedObjects (54ms)
		BackupInstance (0ms)
		ReleaseScriptingObjects (2ms)
		CreateAndSetChildDomain (994ms)
	RebuildCommonClasses (68ms)
	RebuildNativeTypeToScriptingClass (21ms)
	initialDomainReloadingComplete (85ms)
	LoadAllAssembliesAndSetupDomain (3962ms)
		LoadAssemblies (4936ms)
		RebuildTransferFunctionScriptingTraits (0ms)
		AnalyzeDomain (152ms)
			TypeCache.Refresh (56ms)
				TypeCache.ScanAssembly (0ms)
			ScanForSourceGeneratedMonoScriptInfo (5ms)
			ResolveRequiredComponents (81ms)
	FinalizeReload (13322ms)
		ReleaseScriptCaches (0ms)
		RebuildScriptCaches (0ms)
		SetupLoadedEditorAssemblies (2742ms)
			LogAssemblyErrors (0ms)
			InitializePlatformSupportModulesInManaged (277ms)
			SetLoadedEditorAssemblies (22ms)
			RefreshPlugins (0ms)
			BeforeProcessingInitializeOnLoad (461ms)
			ProcessInitializeOnLoadAttributes (1667ms)
			ProcessInitializeOnLoadMethodAttributes (282ms)
			AfterProcessingInitializeOnLoad (30ms)
			EditorAssembliesLoaded (3ms)
		ExecutionOrderSort2 (0ms)
		AwakeInstancesAfterBackupRestoration (50ms)
Shader 'Reallusion/RL_HairShader_2nd_Pass_Variants_3D': fallback shader 'diffuse' not found
Refreshing native plugins compatible for Editor in 51.42 ms, found 3 plugins.
Preloading 0 native plugins for Editor in 0.00 ms.
Unloading 6236 Unused Serialized files (Serialized files now loaded: 0)
Unloading 51 unused Assets / (2.3 MB). Loaded Objects now: 7023.
Memory consumption went from 265.9 MB to 263.6 MB.
Total: 21.803200 ms (FindLiveObjects: 1.825000 ms CreateObjectMapping: 1.237900 ms MarkObjects: 16.865300 ms  DeleteObjects: 1.868400 ms)

Prepare: number of updated asset objects reloaded= 0
AssetImportParameters requested are different than current active one (requested -> active):
  custom:container-demuxer-ogg: 62fdf1f143b41e24485cea50d1cbac27 -> 
  custom:framework-win-MediaFoundation: 216162199b28c13a410421893ffa2e32 -> 
  custom:container-muxer-webm: aa71ff27fc2769a1b78a27578f13a17b -> 
  custom:video-decoder-webm-vp8: 9c59270c3fd7afecdb556c50c9e8de78 -> 
  custom:SearchIndexIgnoredProperties: e643bd26f0fe6173181afceb89e7c659 -> 
  custom:AudioImporter_EditorPlatform: d09bf68614088b80899f8185d706f6e7 -> 
  custom:audio-decoder-ogg-vorbis: bf7c407c2cedff20999df2af8eb42d56 -> 
  custom:audio-encoder-webm-vorbis: bf7c407c2cedff20999df2af8eb42d56 -> 
  custom:video-codec-MediaFoundation-h265: 746d11721c4dcdbdad8f713fa42b33f4 -> 
  custom:video-decoder-ogg-theora: a1e56fd34408186e4bbccfd4996cb3dc -> 
  custom:CustomObjectIndexerAttribute: 72b91833f83ae208fae7752999fa3104 -> 
  custom:container-demuxer-webm: 4f35f7cbe854078d1ac9338744f61a02 -> 
  custom:video-encoder-webm-vp8: eb34c28f22e8b96e1ab97ce403110664 -> 
========================================================================
Received Prepare
Begin MonoManager ReloadAssembly
Symbol file LoadedFromMemory is not a mono symbol file
- Loaded All Assemblies, in  1.693 seconds
Refreshing native plugins compatible for Editor in 19.15 ms, found 3 plugins.
Native extension for WindowsStandalone target not found
Native extension for iOS target not found
Native extension for Android target not found
Native extension for WebGL target not found
[MODES] ModeService[none].Initialize
[MODES] ModeService[none].LoadModes
[MODES] Loading mode Default (0) for mode-current-id-Hackathon
Mono: successfully reloaded assembly
- Finished resetting the current domain, in  8.257 seconds
Domain Reload Profiling: 9932ms
	BeginReloadAssembly (370ms)
		ExecutionOrderSort (0ms)
		DisableScriptedObjects (7ms)
		BackupInstance (0ms)
		ReleaseScriptingObjects (1ms)
		CreateAndSetChildDomain (73ms)
	RebuildCommonClasses (64ms)
	RebuildNativeTypeToScriptingClass (27ms)
	initialDomainReloadingComplete (111ms)
	LoadAllAssembliesAndSetupDomain (1104ms)
		LoadAssemblies (1251ms)
		RebuildTransferFunctionScriptingTraits (0ms)
		AnalyzeDomain (69ms)
			TypeCache.Refresh (28ms)
				TypeCache.ScanAssembly (0ms)
			ScanForSourceGeneratedMonoScriptInfo (1ms)
			ResolveRequiredComponents (38ms)
	FinalizeReload (8258ms)
		ReleaseScriptCaches (0ms)
		RebuildScriptCaches (0ms)
		SetupLoadedEditorAssemblies (1837ms)
			LogAssemblyErrors (0ms)
			InitializePlatformSupportModulesInManaged (103ms)
			SetLoadedEditorAssemblies (12ms)
			RefreshPlugins (0ms)
			BeforeProcessingInitializeOnLoad (290ms)
			ProcessInitializeOnLoadAttributes (1202ms)
			ProcessInitializeOnLoadMethodAttributes (212ms)
			AfterProcessingInitializeOnLoad (16ms)
			EditorAssembliesLoaded (1ms)
		ExecutionOrderSort2 (0ms)
		AwakeInstancesAfterBackupRestoration (46ms)
Shader 'Reallusion/RL_HairShader_2nd_Pass_Variants_3D': fallback shader 'diffuse' not found
Refreshing native plugins compatible for Editor in 17.46 ms, found 3 plugins.
Preloading 0 native plugins for Editor in 0.00 ms.
Unloading 6236 Unused Serialized files (Serialized files now loaded: 0)
Unloading 51 unused Assets / (2.3 MB). Loaded Objects now: 7026.
Memory consumption went from 265.9 MB to 263.6 MB.
Total: 8.747600 ms (FindLiveObjects: 0.959200 ms CreateObjectMapping: 0.455800 ms MarkObjects: 5.974300 ms  DeleteObjects: 1.355000 ms)

Prepare: number of updated asset objects reloaded= 0
AssetImportParameters requested are different than current active one (requested -> active):
  custom:container-demuxer-ogg: 62fdf1f143b41e24485cea50d1cbac27 -> 
  custom:framework-win-MediaFoundation: 216162199b28c13a410421893ffa2e32 -> 
  custom:container-muxer-webm: aa71ff27fc2769a1b78a27578f13a17b -> 
  custom:video-decoder-webm-vp8: 9c59270c3fd7afecdb556c50c9e8de78 -> 
  custom:SearchIndexIgnoredProperties: e643bd26f0fe6173181afceb89e7c659 -> 
  custom:AudioImporter_EditorPlatform: d09bf68614088b80899f8185d706f6e7 -> 
  custom:audio-decoder-ogg-vorbis: bf7c407c2cedff20999df2af8eb42d56 -> 
  custom:audio-encoder-webm-vorbis: bf7c407c2cedff20999df2af8eb42d56 -> 
  custom:video-codec-MediaFoundation-h265: 746d11721c4dcdbdad8f713fa42b33f4 -> 
  custom:video-decoder-ogg-theora: a1e56fd34408186e4bbccfd4996cb3dc -> 
  custom:CustomObjectIndexerAttribute: 72b91833f83ae208fae7752999fa3104 -> 
  custom:container-demuxer-webm: 4f35f7cbe854078d1ac9338744f61a02 -> 
  custom:video-encoder-webm-vp8: eb34c28f22e8b96e1ab97ce403110664 -> 
========================================================================
Received Prepare
Begin MonoManager ReloadAssembly
Symbol file LoadedFromMemory is not a mono symbol file
- Loaded All Assemblies, in  1.180 seconds
Refreshing native plugins compatible for Editor in 8.34 ms, found 3 plugins.
Native extension for WindowsStandalone target not found
Native extension for iOS target not found
Native extension for Android target not found
Native extension for WebGL target not found
[MODES] ModeService[none].Initialize
[MODES] ModeService[none].LoadModes
[MODES] Loading mode Default (0) for mode-current-id-Hackathon
Mono: successfully reloaded assembly
- Finished resetting the current domain, in  7.964 seconds
Domain Reload Profiling: 9137ms
	BeginReloadAssembly (374ms)
		ExecutionOrderSort (0ms)
		DisableScriptedObjects (8ms)
		BackupInstance (0ms)
		ReleaseScriptingObjects (0ms)
		CreateAndSetChildDomain (86ms)
	RebuildCommonClasses (71ms)
	RebuildNativeTypeToScriptingClass (31ms)
	initialDomainReloadingComplete (86ms)
	LoadAllAssembliesAndSetupDomain (609ms)
		LoadAssemblies (749ms)
		RebuildTransferFunctionScriptingTraits (0ms)
		AnalyzeDomain (45ms)
			TypeCache.Refresh (14ms)
				TypeCache.ScanAssembly (0ms)
			ScanForSourceGeneratedMonoScriptInfo (0ms)
			ResolveRequiredComponents (28ms)
	FinalizeReload (7966ms)
		ReleaseScriptCaches (0ms)
		RebuildScriptCaches (0ms)
		SetupLoadedEditorAssemblies (2251ms)
			LogAssemblyErrors (0ms)
			InitializePlatformSupportModulesInManaged (144ms)
			SetLoadedEditorAssemblies (16ms)
			RefreshPlugins (0ms)
			BeforeProcessingInitializeOnLoad (309ms)
			ProcessInitializeOnLoadAttributes (1477ms)
			ProcessInitializeOnLoadMethodAttributes (276ms)
			AfterProcessingInitializeOnLoad (27ms)
			EditorAssembliesLoaded (1ms)
		ExecutionOrderSort2 (0ms)
		AwakeInstancesAfterBackupRestoration (39ms)
Shader 'Reallusion/RL_HairShader_2nd_Pass_Variants_3D': fallback shader 'diffuse' not found
Refreshing native plugins compatible for Editor in 26.03 ms, found 3 plugins.
Preloading 0 native plugins for Editor in 0.00 ms.
Unloading 6236 Unused Serialized files (Serialized files now loaded: 0)
Unloading 51 unused Assets / (2.3 MB). Loaded Objects now: 7029.
Memory consumption went from 265.9 MB to 263.6 MB.
Total: 16.912100 ms (FindLiveObjects: 2.165700 ms CreateObjectMapping: 1.196800 ms MarkObjects: 12.322900 ms  DeleteObjects: 1.221700 ms)

Prepare: number of updated asset objects reloaded= 0
AssetImportParameters requested are different than current active one (requested -> active):
  custom:container-demuxer-ogg: 62fdf1f143b41e24485cea50d1cbac27 -> 
  custom:framework-win-MediaFoundation: 216162199b28c13a410421893ffa2e32 -> 
  custom:container-muxer-webm: aa71ff27fc2769a1b78a27578f13a17b -> 
  custom:video-decoder-webm-vp8: 9c59270c3fd7afecdb556c50c9e8de78 -> 
  custom:SearchIndexIgnoredProperties: e643bd26f0fe6173181afceb89e7c659 -> 
  custom:AudioImporter_EditorPlatform: d09bf68614088b80899f8185d706f6e7 -> 
  custom:audio-decoder-ogg-vorbis: bf7c407c2cedff20999df2af8eb42d56 -> 
  custom:audio-encoder-webm-vorbis: bf7c407c2cedff20999df2af8eb42d56 -> 
  custom:video-codec-MediaFoundation-h265: 746d11721c4dcdbdad8f713fa42b33f4 -> 
  custom:video-decoder-ogg-theora: a1e56fd34408186e4bbccfd4996cb3dc -> 
  custom:CustomObjectIndexerAttribute: 72b91833f83ae208fae7752999fa3104 -> 
  custom:container-demuxer-webm: 4f35f7cbe854078d1ac9338744f61a02 -> 
  custom:video-encoder-webm-vp8: eb34c28f22e8b96e1ab97ce403110664 -> 
========================================================================
Received Prepare
Shader 'Reallusion/RL_HairShader_2nd_Pass_Variants_3D': fallback shader 'diffuse' not found
Refreshing native plugins compatible for Editor in 445.11 ms, found 3 plugins.
Preloading 0 native plugins for Editor in 0.00 ms.
Unloading 4 Unused Serialized files (Serialized files now loaded: 0)
Unloading 4 unused Assets / (2.3 MB). Loaded Objects now: 7029.
Memory consumption went from 170.1 MB to 167.8 MB.
Total: 420.079700 ms (FindLiveObjects: 17.242300 ms CreateObjectMapping: 1.306500 ms MarkObjects: 400.077400 ms  DeleteObjects: 1.446200 ms)

Prepare: number of updated asset objects reloaded= 2
AssetImportParameters requested are different than current active one (requested -> active):
  custom:container-demuxer-ogg: 62fdf1f143b41e24485cea50d1cbac27 -> 
  custom:framework-win-MediaFoundation: 216162199b28c13a410421893ffa2e32 -> 
  custom:container-muxer-webm: aa71ff27fc2769a1b78a27578f13a17b -> 
  custom:video-decoder-webm-vp8: 9c59270c3fd7afecdb556c50c9e8de78 -> 
  custom:SearchIndexIgnoredProperties: e643bd26f0fe6173181afceb89e7c659 -> 
  custom:AudioImporter_EditorPlatform: d09bf68614088b80899f8185d706f6e7 -> 
  custom:audio-decoder-ogg-vorbis: bf7c407c2cedff20999df2af8eb42d56 -> 
  custom:audio-encoder-webm-vorbis: bf7c407c2cedff20999df2af8eb42d56 -> 
  custom:video-codec-MediaFoundation-h265: 746d11721c4dcdbdad8f713fa42b33f4 -> 
  custom:video-decoder-ogg-theora: a1e56fd34408186e4bbccfd4996cb3dc -> 
  custom:CustomObjectIndexerAttribute: 72b91833f83ae208fae7752999fa3104 -> 
  custom:container-demuxer-webm: 4f35f7cbe854078d1ac9338744f61a02 -> 
  custom:video-encoder-webm-vp8: eb34c28f22e8b96e1ab97ce403110664 -> 
========================================================================
Received Import Request.
  Time since last request: 2589.260595 seconds.
  path: Assets/Fantasy Skybox FREE/Scenes/Textures (Terrain)/SampleTerrain.asset
  artifactKey: Guid(053158c74390f9e4eb2fbfb90564a82e) Importer(815301076,1909f56bfc062723c751e8b465ee728b)
Start importing Assets/Fantasy Skybox FREE/Scenes/Textures (Terrain)/SampleTerrain.asset using Guid(053158c74390f9e4eb2fbfb90564a82e) Importer(815301076,1909f56bfc062723c751e8b465ee728b) [PhysX] Initialized MultithreadedTaskDispatcher with 8 workers.
[PhysX] Initialized MultithreadedTaskDispatcher with 8 workers.
 -> (artifact id: 'feaa746a5e5515f5dfb2061f50dddeee') in 2.723543 seconds
Number of updated asset objects reloaded before import = 0
Number of asset objects unloaded after import = 6
========================================================================
Received Import Request.
  Time since last request: 718.170982 seconds.
  path: Assets/New Terrain.asset
  artifactKey: Guid(9bfc9421de1e29a419b3021cd037970d) Importer(815301076,1909f56bfc062723c751e8b465ee728b)
Start importing Assets/New Terrain.asset using Guid(9bfc9421de1e29a419b3021cd037970d) Importer(815301076,1909f56bfc062723c751e8b465ee728b) [PhysX] Initialized MultithreadedTaskDispatcher with 8 workers.
 -> (artifact id: 'f620abd24ad1224d0b028ea52b95c2d9') in 0.151043 seconds
Number of updated asset objects reloaded before import = 0
Number of asset objects unloaded after import = 1
========================================================================
Received Import Request.
  Time since last request: 1.985896 seconds.
  path: Assets/LowlyPoly
  artifactKey: Guid(b1842858f1f32d54aac915f01bb86c8a) Importer(815301076,1909f56bfc062723c751e8b465ee728b)
Start importing Assets/LowlyPoly using Guid(b1842858f1f32d54aac915f01bb86c8a) Importer(815301076,1909f56bfc062723c751e8b465ee728b) [PhysX] Initialized MultithreadedTaskDispatcher with 8 workers.
 -> (artifact id: '6d6e44b594da8e12cca5a47004f6565a') in 0.007742 seconds
Number of updated asset objects reloaded before import = 0
Number of asset objects unloaded after import = 0
========================================================================
Received Import Request.
  Time since last request: 1.203739 seconds.
  path: Assets/LowlyPoly/Stylized Grass Texture
  artifactKey: Guid(2f14d375d07e40941aa4c857f21eb94c) Importer(815301076,1909f56bfc062723c751e8b465ee728b)
Start importing Assets/LowlyPoly/Stylized Grass Texture using Guid(2f14d375d07e40941aa4c857f21eb94c) Importer(815301076,1909f56bfc062723c751e8b465ee728b) [PhysX] Initialized MultithreadedTaskDispatcher with 8 workers.
 -> (artifact id: '8444f171b508ddb50d1c4e92611f8b99') in 0.005117 seconds
Number of updated asset objects reloaded before import = 0
Number of asset objects unloaded after import = 0
========================================================================
Received Import Request.
  Time since last request: 2.111748 seconds.
  path: Assets/LowlyPoly/Stylized Grass Texture/Textures
  artifactKey: Guid(70867da6bf5f23744b22677a580e0ad7) Importer(815301076,1909f56bfc062723c751e8b465ee728b)
Start importing Assets/LowlyPoly/Stylized Grass Texture/Textures using Guid(70867da6bf5f23744b22677a580e0ad7) Importer(815301076,1909f56bfc062723c751e8b465ee728b) [PhysX] Initialized MultithreadedTaskDispatcher with 8 workers.
 -> (artifact id: '469558ef25fd2cdfb5c1992764cd5519') in 0.008231 seconds
Number of updated asset objects reloaded before import = 0
Number of asset objects unloaded after import = 0
========================================================================
Received Import Request.
  Time since last request: 0.066771 seconds.
  path: Assets/LowlyPoly/Stylized Grass Texture/Textures/Vol_42_1_Ambient_Occlusion.png
  artifactKey: Guid(33ba5140ff8350742a9be1b79eeefd82) Importer(815301076,1909f56bfc062723c751e8b465ee728b)
Start importing Assets/LowlyPoly/Stylized Grass Texture/Textures/Vol_42_1_Ambient_Occlusion.png using Guid(33ba5140ff8350742a9be1b79eeefd82) Importer(815301076,1909f56bfc062723c751e8b465ee728b) [PhysX] Initialized MultithreadedTaskDispatcher with 8 workers.
[PhysX] Initialized MultithreadedTaskDispatcher with 8 workers.
 -> (artifact id: '83dd123abd7c5a8ac90cdf12ff5cf5ea') in 0.535066 seconds
Number of updated asset objects reloaded before import = 0
Number of asset objects unloaded after import = 2
========================================================================
Received Import Request.
  Time since last request: 0.000050 seconds.
  path: Assets/LowlyPoly/Stylized Grass Texture/Textures/Vol_42_1_Height.png
  artifactKey: Guid(c24c005cb31b0514a85361709b63fa93) Importer(815301076,1909f56bfc062723c751e8b465ee728b)
Start importing Assets/LowlyPoly/Stylized Grass Texture/Textures/Vol_42_1_Height.png using Guid(c24c005cb31b0514a85361709b63fa93) Importer(815301076,1909f56bfc062723c751e8b465ee728b) [PhysX] Initialized MultithreadedTaskDispatcher with 8 workers.
[PhysX] Initialized MultithreadedTaskDispatcher with 8 workers.
 -> (artifact id: 'da8b89e29396a8a901f8d4ecf4144c1d') in 0.033385 seconds
Number of updated asset objects reloaded before import = 0
Number of asset objects unloaded after import = 2
========================================================================
Received Import Request.
  Time since last request: 0.000049 seconds.
  path: Assets/LowlyPoly/Stylized Grass Texture/Textures/Vol_42_1_Roughness.png
  artifactKey: Guid(7c71c756b680c1a47b27345dccbbc51f) Importer(815301076,1909f56bfc062723c751e8b465ee728b)
Start importing Assets/LowlyPoly/Stylized Grass Texture/Textures/Vol_42_1_Roughness.png using Guid(7c71c756b680c1a47b27345dccbbc51f) Importer(815301076,1909f56bfc062723c751e8b465ee728b) [PhysX] Initialized MultithreadedTaskDispatcher with 8 workers.
[PhysX] Initialized MultithreadedTaskDispatcher with 8 workers.
 -> (artifact id: '7aae939cf22669dfa71f2dac8e966fa0') in 0.040157 seconds
Number of updated asset objects reloaded before import = 0
Number of asset objects unloaded after import = 2
========================================================================
Received Import Request.
  Time since last request: 0.000534 seconds.
  path: Assets/LowlyPoly/Stylized Grass Texture/Textures/Vol_42_1_Normal.png
  artifactKey: Guid(9e91cd5bde426714d9f0ef165f143d7c) Importer(815301076,1909f56bfc062723c751e8b465ee728b)
Start importing Assets/LowlyPoly/Stylized Grass Texture/Textures/Vol_42_1_Normal.png using Guid(9e91cd5bde426714d9f0ef165f143d7c) Importer(815301076,1909f56bfc062723c751e8b465ee728b) [PhysX] Initialized MultithreadedTaskDispatcher with 8 workers.
[PhysX] Initialized MultithreadedTaskDispatcher with 8 workers.
 -> (artifact id: '50b3437530177ba1a8b15b44dfc00f4f') in 0.177401 seconds
Number of updated asset objects reloaded before import = 0
Number of asset objects unloaded after import = 2
========================================================================
Received Import Request.
  Time since last request: 195.030964 seconds.
  path: Assets/LowlyPoly/Stylized Grass Texture/Materials/Stylize_Grass.mat
  artifactKey: Guid(5d8af8f434f69794eabd684fb44b4fbf) Importer(815301076,1909f56bfc062723c751e8b465ee728b)
Start importing Assets/LowlyPoly/Stylized Grass Texture/Materials/Stylize_Grass.mat using Guid(5d8af8f434f69794eabd684fb44b4fbf) Importer(815301076,1909f56bfc062723c751e8b465ee728b) [PhysX] Initialized MultithreadedTaskDispatcher with 8 workers.
[PhysX] Initialized MultithreadedTaskDispatcher with 8 workers.
 -> (artifact id: 'f997dba0b5a3c7fe072b44bbcc2afd8e') in 1.453208 seconds
Number of updated asset objects reloaded before import = 0
Number of asset objects unloaded after import = 24
========================================================================
Received Import Request.
  Time since last request: 176.153416 seconds.
  path: Assets/LowlyPoly/Stylized Grass Texture/Materials
  artifactKey: Guid(855350d72edd5b546aba24877b32789a) Importer(815301076,1909f56bfc062723c751e8b465ee728b)
Start importing Assets/LowlyPoly/Stylized Grass Texture/Materials using Guid(855350d72edd5b546aba24877b32789a) Importer(815301076,1909f56bfc062723c751e8b465ee728b) [PhysX] Initialized MultithreadedTaskDispatcher with 8 workers.
 -> (artifact id: 'd9ab1237051deddab964a72878874839') in 0.006464 seconds
Number of updated asset objects reloaded before import = 0
Number of asset objects unloaded after import = 0
========================================================================
Received Import Request.
  Time since last request: 251.018747 seconds.
  path: Assets/Convai/Demo/Characters/Mesh Data/Missy/63f8996d9dc8b8dcb3aff263/0dee43dbc6728947b5e4ff476717ca6f/63f8996d9dc8b8dcb3aff263.glb
  artifactKey: Guid(6f7b9f19875c1eb42abd95cd0ec56510) Importer(815301076,1909f56bfc062723c751e8b465ee728b)
Start importing Assets/Convai/Demo/Characters/Mesh Data/Missy/63f8996d9dc8b8dcb3aff263/0dee43dbc6728947b5e4ff476717ca6f/63f8996d9dc8b8dcb3aff263.glb using Guid(6f7b9f19875c1eb42abd95cd0ec56510) Importer(815301076,1909f56bfc062723c751e8b465ee728b) [PhysX] Initialized MultithreadedTaskDispatcher with 8 workers.
[PhysX] Initialized MultithreadedTaskDispatcher with 8 workers.
[PhysX] Initialized MultithreadedTaskDispatcher with 8 workers.
[PhysX] Initialized MultithreadedTaskDispatcher with 8 workers.
[PhysX] Initialized MultithreadedTaskDispatcher with 8 workers.
[PhysX] Initialized MultithreadedTaskDispatcher with 8 workers.
[PhysX] Initialized MultithreadedTaskDispatcher with 8 workers.
[PhysX] Initialized MultithreadedTaskDispatcher with 8 workers.
[PhysX] Initialized MultithreadedTaskDispatcher with 8 workers.
[PhysX] Initialized MultithreadedTaskDispatcher with 8 workers.
[PhysX] Initialized MultithreadedTaskDispatcher with 8 workers.
[PhysX] Initialized MultithreadedTaskDispatcher with 8 workers.
[PhysX] Initialized MultithreadedTaskDispatcher with 8 workers.
[PhysX] Initialized MultithreadedTaskDispatcher with 8 workers.
[PhysX] Initialized MultithreadedTaskDispatcher with 8 workers.
[PhysX] Initialized MultithreadedTaskDispatcher with 8 workers.
[PhysX] Initialized MultithreadedTaskDispatcher with 8 workers.
[PhysX] Initialized MultithreadedTaskDispatcher with 8 workers.
[PhysX] Initialized MultithreadedTaskDispatcher with 8 workers.
[PhysX] Initialized MultithreadedTaskDispatcher with 8 workers.
[PhysX] Initialized MultithreadedTaskDispatcher with 8 workers.
[PhysX] Initialized MultithreadedTaskDispatcher with 8 workers.
[PhysX] Initialized MultithreadedTaskDispatcher with 8 workers.
[PhysX] Initialized MultithreadedTaskDispatcher with 8 workers.
[PhysX] Initialized MultithreadedTaskDispatcher with 8 workers.
[PhysX] Initialized MultithreadedTaskDispatcher with 8 workers.
[PhysX] Initialized MultithreadedTaskDispatcher with 8 workers.
[PhysX] Initialized MultithreadedTaskDispatcher with 8 workers.
[PhysX] Initialized MultithreadedTaskDispatcher with 8 workers.
[PhysX] Initialized MultithreadedTaskDispatcher with 8 workers.
[PhysX] Initialized MultithreadedTaskDispatcher with 8 workers.
[PhysX] Initialized MultithreadedTaskDispatcher with 8 workers.
[PhysX] Initialized MultithreadedTaskDispatcher with 8 workers.
[PhysX] Initialized MultithreadedTaskDispatcher with 8 workers.
[PhysX] Initialized MultithreadedTaskDispatcher with 8 workers.
[PhysX] Initialized MultithreadedTaskDispatcher with 8 workers.
[PhysX] Initialized MultithreadedTaskDispatcher with 8 workers.
[PhysX] Initialized MultithreadedTaskDispatcher with 8 workers.
[PhysX] Initialized MultithreadedTaskDispatcher with 8 workers.
 -> (artifact id: '8887cfef27acad5c4b010abda63dd661') in 8.680771 seconds
Number of updated asset objects reloaded before import = 0
Number of asset objects unloaded after import = 207
========================================================================
Received Import Request.
  Time since last request: 0.000133 seconds.
  path: Assets/Convai/Prefabs/Settings Panel/UI Dropdown.prefab
  artifactKey: Guid(2976e0c7760b8b74ea29d73f39a17417) Importer(815301076,1909f56bfc062723c751e8b465ee728b)
Start importing Assets/Convai/Prefabs/Settings Panel/UI Dropdown.prefab using Guid(2976e0c7760b8b74ea29d73f39a17417) Importer(815301076,1909f56bfc062723c751e8b465ee728b) [PhysX] Initialized MultithreadedTaskDispatcher with 8 workers.
 -> (artifact id: 'ac9cb2384f70b3bb2315229af695b7c9') in 0.264219 seconds
Number of updated asset objects reloaded before import = 0
Number of asset objects unloaded after import = 63
========================================================================
Received Import Request.
  Time since last request: 0.000061 seconds.
  path: Assets/Convai/Prefabs/Notification System/Notification.prefab
  artifactKey: Guid(6c81d849dc312a849996cafab7acb17d) Importer(815301076,1909f56bfc062723c751e8b465ee728b)
Start importing Assets/Convai/Prefabs/Notification System/Notification.prefab using Guid(6c81d849dc312a849996cafab7acb17d) Importer(815301076,1909f56bfc062723c751e8b465ee728b) [PhysX] Initialized MultithreadedTaskDispatcher with 8 workers.
 -> (artifact id: '74737ac929a83640f516a5f792eb582d') in 0.046119 seconds
Number of updated asset objects reloaded before import = 0
Number of asset objects unloaded after import = 38
========================================================================
Received Import Request.
  Time since last request: 0.000126 seconds.
  path: Assets/TextMesh Pro/Examples & Extras/Prefabs/Text Popup.prefab
  artifactKey: Guid(b06f0e6c1dfa4356ac918da1bb32c603) Importer(815301076,1909f56bfc062723c751e8b465ee728b)
Start importing Assets/TextMesh Pro/Examples & Extras/Prefabs/Text Popup.prefab using Guid(b06f0e6c1dfa4356ac918da1bb32c603) Importer(815301076,1909f56bfc062723c751e8b465ee728b) [PhysX] Initialized MultithreadedTaskDispatcher with 8 workers.
 -> (artifact id: '34417430e042ba4cfca185821b96201a') in 0.041058 seconds
Number of updated asset objects reloaded before import = 0
Number of asset objects unloaded after import = 21
========================================================================
Received Import Request.
  Time since last request: 0.000031 seconds.
  path: Assets/Convai/Demo/Characters/Mesh Data/Steve/6642e9f6e6d7b4328f1a4bad/0dee43dbc6728947b5e4ff476717ca6f/6642e9f6e6d7b4328f1a4bad.prefab
  artifactKey: Guid(6c281cc73f7505f4fbdef39f95d456a1) Importer(815301076,1909f56bfc062723c751e8b465ee728b)
Start importing Assets/Convai/Demo/Characters/Mesh Data/Steve/6642e9f6e6d7b4328f1a4bad/0dee43dbc6728947b5e4ff476717ca6f/6642e9f6e6d7b4328f1a4bad.prefab using Guid(6c281cc73f7505f4fbdef39f95d456a1) Importer(815301076,1909f56bfc062723c751e8b465ee728b) [PhysX] Initialized MultithreadedTaskDispatcher with 8 workers.
[PhysX] Initialized MultithreadedTaskDispatcher with 8 workers.
 -> (artifact id: '472571e654a9591a6134034158a3bc86') in 0.929661 seconds
Number of updated asset objects reloaded before import = 0
Number of asset objects unloaded after import = 231
========================================================================
Received Import Request.
  Time since last request: 0.000049 seconds.
  path: Packages/com.blockadelabs.sdk/Prefabs/History Item.prefab
  artifactKey: Guid(5b788d465101b0d4c986e2d8133b18cb) Importer(815301076,1909f56bfc062723c751e8b465ee728b)
Start importing Packages/com.blockadelabs.sdk/Prefabs/History Item.prefab using Guid(5b788d465101b0d4c986e2d8133b18cb) Importer(815301076,1909f56bfc062723c751e8b465ee728b) [PhysX] Initialized MultithreadedTaskDispatcher with 8 workers.
 -> (artifact id: 'aba5242ab68db6ebd5ca20c49d33db9d') in 0.148545 seconds
Number of updated asset objects reloaded before import = 0
Number of asset objects unloaded after import = 137
========================================================================
Received Import Request.
  Time since last request: 0.000044 seconds.
  path: Assets/Convai/Prefabs/Utils/Dynamic Move Target Indicator.prefab
  artifactKey: Guid(13b044f88ad421745b1458dc7e478b70) Importer(815301076,1909f56bfc062723c751e8b465ee728b)
Start importing Assets/Convai/Prefabs/Utils/Dynamic Move Target Indicator.prefab using Guid(13b044f88ad421745b1458dc7e478b70) Importer(815301076,1909f56bfc062723c751e8b465ee728b) [PhysX] Initialized MultithreadedTaskDispatcher with 8 workers.
 -> (artifact id: '409de8dbff509ef976266594311c907c') in 0.008124 seconds
Number of updated asset objects reloaded before import = 0
Number of asset objects unloaded after import = 6
========================================================================
Received Import Request.
  Time since last request: 0.000032 seconds.
  path: Assets/Convai/Prefabs/Utils/Convai Input Manager.prefab
  artifactKey: Guid(451807eb9a060584ea0c4d67c5d20cb9) Importer(815301076,1909f56bfc062723c751e8b465ee728b)
Start importing Assets/Convai/Prefabs/Utils/Convai Input Manager.prefab using Guid(451807eb9a060584ea0c4d67c5d20cb9) Importer(815301076,1909f56bfc062723c751e8b465ee728b) [PhysX] Initialized MultithreadedTaskDispatcher with 8 workers.
 -> (artifact id: '4277e68df2b187cda27b7db6f33ba1ac') in 0.007373 seconds
Number of updated asset objects reloaded before import = 0
Number of asset objects unloaded after import = 5
========================================================================
Received Import Request.
  Time since last request: 0.000141 seconds.
  path: Assets/Convai/Demo/Characters/Mesh Data/Steve/6642e9f6e6d7b4328f1a4bad/0dee43dbc6728947b5e4ff476717ca6f/6642e9f6e6d7b4328f1a4bad.glb
  artifactKey: Guid(d8c9ac8d3810309479410059ef102c6e) Importer(815301076,1909f56bfc062723c751e8b465ee728b)
Start importing Assets/Convai/Demo/Characters/Mesh Data/Steve/6642e9f6e6d7b4328f1a4bad/0dee43dbc6728947b5e4ff476717ca6f/6642e9f6e6d7b4328f1a4bad.glb using Guid(d8c9ac8d3810309479410059ef102c6e) Importer(815301076,1909f56bfc062723c751e8b465ee728b) [PhysX] Initialized MultithreadedTaskDispatcher with 8 workers.
[PhysX] Initialized MultithreadedTaskDispatcher with 8 workers.
[PhysX] Initialized MultithreadedTaskDispatcher with 8 workers.
[PhysX] Initialized MultithreadedTaskDispatcher with 8 workers.
[PhysX] Initialized MultithreadedTaskDispatcher with 8 workers.
[PhysX] Initialized MultithreadedTaskDispatcher with 8 workers.
[PhysX] Initialized MultithreadedTaskDispatcher with 8 workers.
[PhysX] Initialized MultithreadedTaskDispatcher with 8 workers.
[PhysX] Initialized MultithreadedTaskDispatcher with 8 workers.
[PhysX] Initialized MultithreadedTaskDispatcher with 8 workers.
[PhysX] Initialized MultithreadedTaskDispatcher with 8 workers.
[PhysX] Initialized MultithreadedTaskDispatcher with 8 workers.
[PhysX] Initialized MultithreadedTaskDispatcher with 8 workers.
[PhysX] Initialized MultithreadedTaskDispatcher with 8 workers.
[PhysX] Initialized MultithreadedTaskDispatcher with 8 workers.
[PhysX] Initialized MultithreadedTaskDispatcher with 8 workers.
[PhysX] Initialized MultithreadedTaskDispatcher with 8 workers.
[PhysX] Initialized MultithreadedTaskDispatcher with 8 workers.
[PhysX] Initialized MultithreadedTaskDispatcher with 8 workers.
[PhysX] Initialized MultithreadedTaskDispatcher with 8 workers.
[PhysX] Initialized MultithreadedTaskDispatcher with 8 workers.
[PhysX] Initialized MultithreadedTaskDispatcher with 8 workers.
[PhysX] Initialized MultithreadedTaskDispatcher with 8 workers.
[PhysX] Initialized MultithreadedTaskDispatcher with 8 workers.
[PhysX] Initialized MultithreadedTaskDispatcher with 8 workers.
[PhysX] Initialized MultithreadedTaskDispatcher with 8 workers.
[PhysX] Initialized MultithreadedTaskDispatcher with 8 workers.
[PhysX] Initialized MultithreadedTaskDispatcher with 8 workers.
[PhysX] Initialized MultithreadedTaskDispatcher with 8 workers.
[PhysX] Initialized MultithreadedTaskDispatcher with 8 workers.
[PhysX] Initialized MultithreadedTaskDispatcher with 8 workers.
[PhysX] Initialized MultithreadedTaskDispatcher with 8 workers.
[PhysX] Initialized MultithreadedTaskDispatcher with 8 workers.
 -> (artifact id: '649f94eefac4b84c643b27ed39ade19a') in 0.300430 seconds
Number of updated asset objects reloaded before import = 0
Number of asset objects unloaded after import = 198
========================================================================
Received Import Request.
  Time since last request: 0.000042 seconds.
  path: Assets/Convai/Demo/Avatars/Convai NPC Amy/Convai_NPC_Amy.Fbx
  artifactKey: Guid(ab4f9dc9dff817048a2c6b576e051f05) Importer(815301076,1909f56bfc062723c751e8b465ee728b)
Start importing Assets/Convai/Demo/Avatars/Convai NPC Amy/Convai_NPC_Amy.Fbx using Guid(ab4f9dc9dff817048a2c6b576e051f05) Importer(815301076,1909f56bfc062723c751e8b465ee728b) [PhysX] Initialized MultithreadedTaskDispatcher with 8 workers.
[PhysX] Initialized MultithreadedTaskDispatcher with 8 workers.
[PhysX] Initialized MultithreadedTaskDispatcher with 8 workers.
[PhysX] Initialized MultithreadedTaskDispatcher with 8 workers.
[PhysX] Initialized MultithreadedTaskDispatcher with 8 workers.
[PhysX] Initialized MultithreadedTaskDispatcher with 8 workers.
[PhysX] Initialized MultithreadedTaskDispatcher with 8 workers.
[PhysX] Initialized MultithreadedTaskDispatcher with 8 workers.
[PhysX] Initialized MultithreadedTaskDispatcher with 8 workers.
[PhysX] Initialized MultithreadedTaskDispatcher with 8 workers.
[PhysX] Initialized MultithreadedTaskDispatcher with 8 workers.
[PhysX] Initialized MultithreadedTaskDispatcher with 8 workers.
[PhysX] Initialized MultithreadedTaskDispatcher with 8 workers.
[PhysX] Initialized MultithreadedTaskDispatcher with 8 workers.
[PhysX] Initialized MultithreadedTaskDispatcher with 8 workers.
[PhysX] Initialized MultithreadedTaskDispatcher with 8 workers.
[PhysX] Initialized MultithreadedTaskDispatcher with 8 workers.
[PhysX] Initialized MultithreadedTaskDispatcher with 8 workers.
[PhysX] Initialized MultithreadedTaskDispatcher with 8 workers.
[PhysX] Initialized MultithreadedTaskDispatcher with 8 workers.
[PhysX] Initialized MultithreadedTaskDispatcher with 8 workers.
[PhysX] Initialized MultithreadedTaskDispatcher with 8 workers.
[PhysX] Initialized MultithreadedTaskDispatcher with 8 workers.
[PhysX] Initialized MultithreadedTaskDispatcher with 8 workers.
 -> (artifact id: '7f997af6825fe28013aa91cc4b327b1c') in 5.215066 seconds
Number of updated asset objects reloaded before import = 0
Number of asset objects unloaded after import = 359
========================================================================
Received Import Request.
  Time since last request: 0.000082 seconds.
  path: Assets/Convai/Prefabs/Transcript UI Canvases/FeedbackButtons.prefab
  artifactKey: Guid(f043f8a9e46899846ab30610decb6886) Importer(815301076,1909f56bfc062723c751e8b465ee728b)
Start importing Assets/Convai/Prefabs/Transcript UI Canvases/FeedbackButtons.prefab using Guid(f043f8a9e46899846ab30610decb6886) Importer(815301076,1909f56bfc062723c751e8b465ee728b) [PhysX] Initialized MultithreadedTaskDispatcher with 8 workers.
 -> (artifact id: '3db1ce220e4a5ae4f7c5107ab771592a') in 0.025701 seconds
Number of updated asset objects reloaded before import = 0
Number of asset objects unloaded after import = 33
========================================================================
Received Import Request.
  Time since last request: 0.000029 seconds.
  path: Assets/Convai/Prefabs/Notification System/Convai Notification System.prefab
  artifactKey: Guid(909a99f3bf160614ba26bab054794699) Importer(815301076,1909f56bfc062723c751e8b465ee728b)
Start importing Assets/Convai/Prefabs/Notification System/Convai Notification System.prefab using Guid(909a99f3bf160614ba26bab054794699) Importer(815301076,1909f56bfc062723c751e8b465ee728b) [PhysX] Initialized MultithreadedTaskDispatcher with 8 workers.
 -> (artifact id: '4b71e6e490409663dab0391974cf909c') in 0.071560 seconds
Number of updated asset objects reloaded before import = 0
Number of asset objects unloaded after import = 65
========================================================================
Received Import Request.
  Time since last request: 0.000031 seconds.
  path: Assets/Convai/Prefabs/Transcript UI Canvases/Default/Convai Transcript Canvas - Subtitle.prefab
  artifactKey: Guid(1adcb97c9f11ce44f9a7368a0bbdde81) Importer(815301076,1909f56bfc062723c751e8b465ee728b)
Start importing Assets/Convai/Prefabs/Transcript UI Canvases/Default/Convai Transcript Canvas - Subtitle.prefab using Guid(1adcb97c9f11ce44f9a7368a0bbdde81) Importer(815301076,1909f56bfc062723c751e8b465ee728b) [PhysX] Initialized MultithreadedTaskDispatcher with 8 workers.
 -> (artifact id: '781206e054228a23fd12584b0dc42b9e') in 0.048186 seconds
Number of updated asset objects reloaded before import = 0
Number of asset objects unloaded after import = 82
========================================================================
Received Import Request.
  Time since last request: 0.000035 seconds.
  path: Assets/Convai/Prefabs/Transcript UI Canvases/Convai Transcript UI.prefab
  artifactKey: Guid(047fe7ef587fb94499e32ce7f9605f01) Importer(815301076,1909f56bfc062723c751e8b465ee728b)
Start importing Assets/Convai/Prefabs/Transcript UI Canvases/Convai Transcript UI.prefab using Guid(047fe7ef587fb94499e32ce7f9605f01) Importer(815301076,1909f56bfc062723c751e8b465ee728b) [PhysX] Initialized MultithreadedTaskDispatcher with 8 workers.
 -> (artifact id: 'c202b4ccfce38d92d09f1a126c0bf87b') in 0.108498 seconds
Number of updated asset objects reloaded before import = 0
Number of asset objects unloaded after import = 161
========================================================================
Received Import Request.
  Time since last request: 0.000029 seconds.
  path: Assets/SkySeries Freebie/ExampleScenes/SceneObjects/DemoObjects.prefab
  artifactKey: Guid(88c20de6c1dc0f04abeaffaac0a9a6cf) Importer(815301076,1909f56bfc062723c751e8b465ee728b)
Start importing Assets/SkySeries Freebie/ExampleScenes/SceneObjects/DemoObjects.prefab using Guid(88c20de6c1dc0f04abeaffaac0a9a6cf) Importer(815301076,1909f56bfc062723c751e8b465ee728b) [PhysX] Initialized MultithreadedTaskDispatcher with 8 workers.
[PhysX] Initialized MultithreadedTaskDispatcher with 8 workers.
 -> (artifact id: 'd6d21970d012c5c015cc9378ceda428f') in 1.379413 seconds
Number of updated asset objects reloaded before import = 0
Number of asset objects unloaded after import = 77
========================================================================
Received Import Request.
  Time since last request: 0.000043 seconds.
  path: Assets/Convai/Prefabs/Utils/Convai Crosshair Canvas.prefab
  artifactKey: Guid(99fcf5dabc3b8ef48925730528a2d1ba) Importer(815301076,1909f56bfc062723c751e8b465ee728b)
Start importing Assets/Convai/Prefabs/Utils/Convai Crosshair Canvas.prefab using Guid(99fcf5dabc3b8ef48925730528a2d1ba) Importer(815301076,1909f56bfc062723c751e8b465ee728b) [PhysX] Initialized MultithreadedTaskDispatcher with 8 workers.
 -> (artifact id: '17a998f32c619efd9ed7edddbfbddcf1') in 0.008360 seconds
Number of updated asset objects reloaded before import = 0
Number of asset objects unloaded after import = 13
========================================================================
Received Prepare
Begin MonoManager ReloadAssembly
Symbol file LoadedFromMemory is not a mono symbol file
- Loaded All Assemblies, in  6.462 seconds
Refreshing native plugins compatible for Editor in 17.80 ms, found 3 plugins.
Native extension for WindowsStandalone target not found
Native extension for iOS target not found
Native extension for Android target not found
Native extension for WebGL target not found
[MODES] ModeService[none].Initialize
[MODES] ModeService[none].LoadModes
[MODES] Loading mode Default (0) for mode-current-id-Hackathon
Mono: successfully reloaded assembly
- Finished resetting the current domain, in  7.667 seconds
Domain Reload Profiling: 14210ms
	BeginReloadAssembly (2630ms)
		ExecutionOrderSort (1ms)
		DisableScriptedObjects (190ms)
		BackupInstance (0ms)
		ReleaseScriptingObjects (3ms)
		CreateAndSetChildDomain (1600ms)
	RebuildCommonClasses (90ms)
	RebuildNativeTypeToScriptingClass (35ms)
	initialDomainReloadingComplete (126ms)
	LoadAllAssembliesAndSetupDomain (3662ms)
		LoadAssemblies (3901ms)
		RebuildTransferFunctionScriptingTraits (0ms)
		AnalyzeDomain (137ms)
			TypeCache.Refresh (51ms)
				TypeCache.ScanAssembly (0ms)
			ScanForSourceGeneratedMonoScriptInfo (2ms)
			ResolveRequiredComponents (82ms)
	FinalizeReload (7668ms)
		ReleaseScriptCaches (0ms)
		RebuildScriptCaches (0ms)
		SetupLoadedEditorAssemblies (1157ms)
			LogAssemblyErrors (0ms)
			InitializePlatformSupportModulesInManaged (109ms)
			SetLoadedEditorAssemblies (11ms)
			RefreshPlugins (0ms)
			BeforeProcessingInitializeOnLoad (149ms)
			ProcessInitializeOnLoadAttributes (748ms)
			ProcessInitializeOnLoadMethodAttributes (126ms)
			AfterProcessingInitializeOnLoad (10ms)
			EditorAssembliesLoaded (3ms)
		ExecutionOrderSort2 (0ms)
		AwakeInstancesAfterBackupRestoration (22ms)
Shader 'Reallusion/RL_HairShader_2nd_Pass_Variants_3D': fallback shader 'diffuse' not found
Refreshing native plugins compatible for Editor in 19.40 ms, found 3 plugins.
Preloading 0 native plugins for Editor in 0.00 ms.
Unloading 6237 Unused Serialized files (Serialized files now loaded: 0)
Unloading 55 unused Assets / (2.3 MB). Loaded Objects now: 7085.
Memory consumption went from 271.4 MB to 269.1 MB.
Total: 22.194000 ms (FindLiveObjects: 1.984200 ms CreateObjectMapping: 0.396800 ms MarkObjects: 15.388700 ms  DeleteObjects: 4.421500 ms)

Prepare: number of updated asset objects reloaded= 0
AssetImportParameters requested are different than current active one (requested -> active):
  custom:container-demuxer-ogg: 62fdf1f143b41e24485cea50d1cbac27 -> 
  custom:framework-win-MediaFoundation: 216162199b28c13a410421893ffa2e32 -> 
  custom:container-muxer-webm: aa71ff27fc2769a1b78a27578f13a17b -> 
  custom:video-decoder-webm-vp8: 9c59270c3fd7afecdb556c50c9e8de78 -> 
  custom:SearchIndexIgnoredProperties: e643bd26f0fe6173181afceb89e7c659 -> 
  custom:AudioImporter_EditorPlatform: d09bf68614088b80899f8185d706f6e7 -> 
  custom:audio-decoder-ogg-vorbis: bf7c407c2cedff20999df2af8eb42d56 -> 
  custom:audio-encoder-webm-vorbis: bf7c407c2cedff20999df2af8eb42d56 -> 
  custom:video-codec-MediaFoundation-h265: 746d11721c4dcdbdad8f713fa42b33f4 -> 
  custom:video-decoder-ogg-theora: a1e56fd34408186e4bbccfd4996cb3dc -> 
  custom:CustomObjectIndexerAttribute: 72b91833f83ae208fae7752999fa3104 -> 
  custom:container-demuxer-webm: 4f35f7cbe854078d1ac9338744f61a02 -> 
  custom:video-encoder-webm-vp8: eb34c28f22e8b96e1ab97ce403110664 -> 
========================================================================
Received Prepare
Shader 'Reallusion/RL_HairShader_2nd_Pass_Variants_3D': fallback shader 'diffuse' not found
Refreshing native plugins compatible for Editor in 9.36 ms, found 3 plugins.
Preloading 0 native plugins for Editor in 0.00 ms.
Unloading 4 Unused Serialized files (Serialized files now loaded: 0)
Unloading 4 unused Assets / (2.3 MB). Loaded Objects now: 7085.
Memory consumption went from 175.1 MB to 172.8 MB.
Total: 7.102400 ms (FindLiveObjects: 0.712500 ms CreateObjectMapping: 1.010600 ms MarkObjects: 4.932800 ms  DeleteObjects: 0.444700 ms)

Prepare: number of updated asset objects reloaded= 0
AssetImportParameters requested are different than current active one (requested -> active):
  custom:container-demuxer-ogg: 62fdf1f143b41e24485cea50d1cbac27 -> 
  custom:framework-win-MediaFoundation: 216162199b28c13a410421893ffa2e32 -> 
  custom:container-muxer-webm: aa71ff27fc2769a1b78a27578f13a17b -> 
  custom:video-decoder-webm-vp8: 9c59270c3fd7afecdb556c50c9e8de78 -> 
  custom:SearchIndexIgnoredProperties: e643bd26f0fe6173181afceb89e7c659 -> 
  custom:AudioImporter_EditorPlatform: d09bf68614088b80899f8185d706f6e7 -> 
  custom:audio-decoder-ogg-vorbis: bf7c407c2cedff20999df2af8eb42d56 -> 
  custom:audio-encoder-webm-vorbis: bf7c407c2cedff20999df2af8eb42d56 -> 
  custom:video-codec-MediaFoundation-h265: 746d11721c4dcdbdad8f713fa42b33f4 -> 
  custom:video-decoder-ogg-theora: a1e56fd34408186e4bbccfd4996cb3dc -> 
  custom:CustomObjectIndexerAttribute: 72b91833f83ae208fae7752999fa3104 -> 
  custom:container-demuxer-webm: 4f35f7cbe854078d1ac9338744f61a02 -> 
  custom:video-encoder-webm-vp8: eb34c28f22e8b96e1ab97ce403110664 -> 
